name,split,daytime,seq,med,dt_sync,coverage
000_38,dev,day,000,2.8,0.0058,0.0152
000_42,dev,day,000,2.8,0.0127,0.0151
000_46,dev,day,000,2.8,0.0247,0.015
002_02,test,day,002,22.8,0.0066,0.0202
002_06,test,day,002,22.8,0.0289,0.0203
002_10,test,day,002,22.8,0.0309,0.0201
002_14,test,day,002,22.8,0.0361,0.0199
002_18,test,day,002,22.8,0.0131,0.0198
002_22,test,day,002,22.8,0.0223,0.0196
002_26,test,day,002,22.8,0.0173,0.0194
002_30,test,day,002,22.8,0.0258,0.0198
002_34,test,day,002,22.8,0.0112,0.0199
002_38,test,day,002,22.8,0.0303,0.0202
003_02,train,day,003,3.3,0.0122,0.0193
003_06,train,day,003,3.3,0.0152,0.0192
003_10,train,day,003,3.3,0.0185,0.0191
003_14,train,day,003,3.3,0.0162,0.0193
003_18,train,day,003,3.3,0.0384,0.0192
003_22,train,day,003,5.0,0.0213,0.0193
003_26,train,day,003,5.0,0.0104,0.0193
003_30,train,day,003,5.0,0.0076,0.0191
003_34,train,day,003,5.0,0.0107,0.0191
003_38,train,day,003,5.0,0.0299,0.0191
003_42,train,day,003,5.0,0.0302,0.0193
003_46,train,day,003,5.0,0.0062,0.0192
004_02,train,day,004,6.6,0.0366,0.0198
004_06,train,day,004,6.6,0.03,0.0199
004_10,train,day,004,6.6,0.002,0.0199
004_14,train,day,004,6.6,0.0191,0.0197
004_18,train,day,004,6.6,0.0031,0.0197
004_22,train,day,004,6.6,0.0135,0.0198
004_26,train,day,004,6.6,0.0235,0.0198
004_30,train,day,004,6.6,0.019,0.0198
004_34,train,day,004,6.6,0.039,0.0198
004_38,train,day,004,6.6,0.0058,0.0198
004_42,train,day,004,6.6,0.0215,0.0199
004_46,train,day,004,6.6,0.005,0.0197
005_02,train,day,005,10.7,0.0028,0.0214
005_06,train,day,005,10.7,0.0163,0.0214
005_10,train,day,005,10.7,0.0242,0.0214
005_14,train,day,005,10.7,0.0184,0.0214
005_18,train,day,005,10.7,0.0329,0.0214
005_22,train,day,005,10.7,0.03,0.0213
005_26,train,day,005,10.7,0.004,0.0215
005_30,train,day,005,10.7,0.0051,0.0214
005_34,train,day,005,10.7,0.0285,0.0212
005_38,train,day,005,10.7,0.0365,0.0214
005_42,train,day,005,10.7,0.0006,0.0212
005_46,train,day,005,10.7,0.0371,0.0215
006_02,dev,day,006,4.0,0.0156,0.0172
006_06,dev,day,006,4.0,0.0216,0.0172
006_10,dev,day,006,4.0,0.0386,0.0173
006_14,dev,day,006,4.0,0.0365,0.0172
006_18,dev,day,006,4.0,0.0148,0.0171
006_22,dev,day,006,4.0,0.0226,0.0172
006_26,dev,day,006,4.0,0.0372,0.0172
006_30,dev,day,006,4.0,0.0129,0.0173
006_34,dev,day,006,4.0,0.0181,0.0173
006_38,dev,day,006,4.0,0.0164,0.0171
006_42,dev,day,006,4.0,0.0119,0.0172
006_46,dev,day,006,4.0,0.0364,0.0171
007_02,test,day,007,50.9,0.0035,0.0205
007_06,test,day,007,50.9,0.025,0.0205
007_10,test,day,007,50.9,0.0181,0.0205
007_14,test,day,007,50.9,0.0246,0.0204
007_18,test,day,007,50.9,0.0005,0.0204
007_22,test,day,007,50.9,0.0115,0.0205
007_26,test,day,007,50.9,0.0361,0.0205
007_30,test,day,007,50.9,0.0177,0.0205
007_34,test,day,007,50.9,0.0387,0.0204
007_38,test,day,007,50.9,0.0016,0.0204
007_42,test,day,007,50.9,0.0127,0.0204
007_46,test,day,007,50.9,0.0082,0.0204
008_02,train,day,008,9.1,0.0398,0.0168
008_06,train,day,008,9.1,0.0313,0.0168
008_10,train,day,008,9.1,0.0254,0.0167
008_14,train,day,008,9.1,0.0092,0.0169
008_18,train,day,008,9.1,0.0039,0.0168
008_22,train,day,008,9.1,0.0353,0.0169
008_26,train,day,008,9.1,0.0287,0.0169
008_30,train,day,008,9.1,0.0202,0.0169
008_34,train,day,008,9.1,0.0397,0.0169
008_38,train,day,008,9.1,0.0133,0.0169
008_42,train,day,008,9.1,0.0072,0.0169
008_46,train,day,008,9.1,0.0019,0.0169
009_02,train,day,009,14.3,0.0232,0.0196
009_06,train,day,009,14.3,0.0124,0.0196
009_10,train,day,009,14.3,0.01,0.0195
009_14,train,day,009,14.3,0.0319,0.0195
009_18,train,day,009,14.3,0.0195,0.0194
009_22,train,day,009,14.3,0.0174,0.0195
009_26,train,day,009,14.3,0.0313,0.0196
009_30,train,day,009,14.3,0.0352,0.0195
009_34,train,day,009,14.3,0.0281,0.0194
009_38,train,day,009,14.3,0.0298,0.0194
009_42,train,day,009,14.3,0.0018,0.0196
009_46,train,day,009,14.3,0.0325,0.0195
011_02,train,day,011,6.0,0.0375,0.0151
011_06,train,day,011,6.0,0.0103,0.0151
011_10,train,day,011,6.0,0.0214,0.0152
011_14,train,day,011,6.0,0.027,0.0152
011_18,train,day,011,6.0,0.0189,0.0152
011_22,train,day,011,6.0,0.0206,0.0152
011_26,train,day,011,6.0,0.0223,0.0152
011_30,train,day,011,6.0,0.0294,0.0152
011_34,train,day,011,6.0,0.0279,0.0151
011_38,train,day,011,6.0,0.017,0.0152
012_02,dev,day,012,6.7,0.0036,0.0145
012_06,dev,day,012,6.7,0.0284,0.0144
012_10,dev,day,012,6.7,0.0255,0.0144
012_14,dev,day,012,6.7,0.0086,0.0143
012_18,dev,day,012,6.7,0.0229,0.0144
012_22,dev,day,012,6.7,0.012,0.0145
012_26,dev,day,012,6.7,0.0009,0.0145
012_30,dev,day,012,6.7,0.0361,0.0147
012_34,dev,day,012,6.7,0.0126,0.0146
012_38,dev,day,012,6.7,0.0331,0.0144
012_42,dev,day,012,6.7,0.0304,0.0145
012_46,dev,day,012,6.7,0.0251,0.0143
013_02,test,day,013,0.8,0.039,0.0209
013_06,test,day,013,0.8,0.012,0.021
013_10,test,day,013,0.8,0.0014,0.021
013_14,test,day,013,0.8,0.0324,0.021
013_18,test,day,013,0.8,0.0225,0.0211
013_22,test,day,013,0.8,0.0086,0.021
013_26,test,day,013,0.8,0.0274,0.0211
013_30,test,day,013,0.8,0.0066,0.021
013_34,test,day,013,0.8,0.0157,0.0211
013_38,test,day,013,0.8,0.0353,0.021
013_42,test,day,013,0.8,0.0274,0.021
013_46,test,day,013,0.8,0.0232,0.021
014_02,train,day,014,2.6,0.0364,0.0161
014_06,train,day,014,2.6,0.0142,0.0161
014_10,train,day,014,2.6,0.0196,0.0161
014_14,train,day,014,2.6,0.0186,0.0161
014_18,train,day,014,2.6,0.027,0.0162
014_22,train,day,014,2.6,0.0159,0.0162
014_26,train,day,014,2.6,0.0033,0.0162
014_30,train,day,014,2.6,0.0157,0.0161
014_34,train,day,014,2.6,0.0004,0.0161
014_38,train,day,014,2.6,0.0082,0.0161
014_42,train,day,014,2.6,0.0254,0.0161
014_46,train,day,014,2.6,0.0125,0.0161
016_02,train,day,016,52.0,0.0306,0.0171
016_06,train,day,016,52.0,0.0259,0.017
016_10,train,day,016,52.0,0.0284,0.0171
016_14,train,day,016,52.0,0.0224,0.0172
016_18,train,day,016,52.0,0.0175,0.0172
017_02,train,day,017,0.3,0.0268,0.0289
017_06,train,day,017,0.3,0.0365,0.0289
017_10,train,day,017,0.3,0.0336,0.029
017_14,train,day,017,0.3,0.0282,0.0289
017_18,train,day,017,0.3,0.0176,0.0288
017_22,train,day,017,0.3,0.0346,0.0288
017_26,train,day,017,0.3,0.0333,0.0286
017_30,train,day,017,0.3,0.0358,0.0285
017_34,train,day,017,0.3,0.0283,0.029
017_38,train,day,017,0.3,0.0388,0.0291
017_42,train,day,017,0.3,0.0079,0.0291
017_46,train,day,017,0.3,0.0325,0.0291
018_02,dev,day,018,3.1,0.0338,0.0232
018_06,dev,day,018,3.1,0.0281,0.0233
018_10,dev,day,018,3.1,0.0296,0.0231
018_14,dev,day,018,3.1,0.0297,0.0231
018_18,dev,day,018,3.1,0.0264,0.0231
018_22,dev,day,018,3.1,0.0259,0.023
018_26,dev,day,018,3.1,0.0181,0.0231
018_30,dev,day,018,3.1,0.028,0.0231
018_34,dev,day,018,3.1,0.023,0.0231
018_38,dev,day,018,3.1,0.0021,0.0232
018_42,dev,day,018,3.1,0.0115,0.0232
018_46,dev,day,018,3.1,0.0161,0.0232
019_02,test,day,019,10.2,0.024,0.0181
019_06,test,day,019,10.2,0.036,0.0179
019_10,test,day,019,10.2,0.028,0.0178
019_14,test,day,019,10.2,0.0013,0.018
019_18,test,day,019,10.2,0.0098,0.0179
019_22,test,day,019,10.2,0.0382,0.0179
019_26,test,day,019,10.2,0.0076,0.0181
019_30,test,day,019,10.2,0.0329,0.018
019_34,test,day,019,10.2,0.0199,0.0181
019_38,test,day,019,10.2,0.0032,0.0182
019_42,test,day,019,10.2,0.0355,0.0181
019_46,test,day,019,10.2,0.0367,0.018
023_02,train,day,023,2.2,0.0103,0.0193
023_06,train,day,023,2.2,0.0156,0.0192
023_10,train,day,023,2.2,0.025,0.0193
023_14,train,day,023,2.2,0.0099,0.0193
023_18,train,day,023,2.2,0.0052,0.0192
023_22,train,day,023,2.2,0.0116,0.0192
023_26,train,day,023,2.2,0.0008,0.0192
023_30,train,day,023,2.2,0.0372,0.0192
023_34,train,day,023,2.2,0.0071,0.0192
023_38,train,day,023,2.2,0.0007,0.0192
023_42,train,day,023,2.2,0.0055,0.0192
023_46,train,day,023,2.2,0.0079,0.0192
029_02,train,day,029,55.1,0.0046,0.0179
029_06,train,day,029,55.1,0.0054,0.0181
029_10,train,day,029,55.1,0.0155,0.0181
029_14,train,day,029,55.1,0.0129,0.0179
029_18,train,day,029,55.1,0.0032,0.0179
029_22,train,day,029,55.1,0.0022,0.018
029_26,train,day,029,55.1,0.0364,0.0179
029_30,train,day,029,55.1,0.0154,0.018
029_34,train,day,029,55.1,0.0194,0.018
029_38,train,day,029,55.1,0.0078,0.0181
029_42,train,day,029,55.1,0.0058,0.0181
038_02,train,night,038,22.7,0.0118,0.0156
038_06,train,night,038,22.7,0.0092,0.0156
038_10,train,night,038,22.7,0.0153,0.0155
038_14,train,night,038,22.7,0.0333,0.0155
038_18,train,night,038,22.7,0.0302,0.0157
038_22,train,night,038,22.7,0.0306,0.0157
038_26,train,night,038,22.7,0.0151,0.0157
038_30,train,night,038,22.7,0.0309,0.0157
038_34,train,night,038,22.7,0.0368,0.0157
038_38,train,night,038,22.7,0.0161,0.0156
038_42,train,night,038,22.7,0.0209,0.0157
038_46,train,night,038,22.7,0.0217,0.0158
040_02,train,night,040,52.4,0.0059,0.0175
040_06,train,night,040,52.4,0.008,0.0174
040_10,train,night,040,52.4,0.0053,0.0174
040_14,train,night,040,52.4,0.0192,0.0176
040_18,train,night,040,52.4,0.0294,0.0175
040_22,train,night,040,52.4,0.002,0.0176
040_26,train,night,040,52.4,0.0065,0.0176
040_30,train,night,040,52.4,0.021,0.0175
040_34,train,night,040,52.4,0.0121,0.0175
040_38,train,night,040,52.4,0.0171,0.0174
040_42,train,night,040,52.4,0.0294,0.0175
040_46,train,night,040,52.4,0.0241,0.0175
061_02,train,day,061,1.3,0.0279,0.0281
061_06,train,day,061,1.3,0.0194,0.0281
061_10,train,day,061,1.3,0.0092,0.0281
061_14,train,day,061,1.3,0.0288,0.028
061_18,train,day,061,1.3,0.0223,0.0281
061_22,train,day,061,1.3,0.0323,0.0282
061_26,train,day,061,1.3,0.013,0.0282
061_30,train,day,061,1.3,0.0112,0.0283
061_34,train,day,061,1.3,0.0355,0.0283
061_38,train,day,061,1.3,0.0233,0.0283
061_42,train,day,061,1.3,0.0128,0.0283
061_46,train,day,061,1.3,0.0111,0.0282
062_02,dev,day,062,1.6,0.0279,0.0244
062_06,dev,day,062,1.6,0.0194,0.0244
062_10,dev,day,062,1.6,0.0092,0.0244
062_14,dev,day,062,1.6,0.0288,0.0243
062_18,dev,day,062,1.6,0.0223,0.0244
062_22,dev,day,062,1.6,0.0323,0.0245
062_26,dev,day,062,1.6,0.013,0.0246
062_30,dev,day,062,1.6,0.0112,0.0246
062_34,dev,day,062,1.6,0.0355,0.0246
062_38,dev,day,062,1.6,0.0233,0.0246
062_42,dev,day,062,1.6,0.0128,0.0245
062_46,dev,day,062,1.6,0.0111,0.0245
063_02,test,day,063,5.1,0.0034,0.0143
063_06,test,day,063,5.1,0.003,0.0136
063_10,test,day,063,5.1,0.0212,0.0145
063_14,test,day,063,5.1,0.0166,0.0142
063_18,test,day,063,5.1,0.0291,0.0143
063_22,test,day,063,5.1,0.0163,0.0145
063_26,test,day,063,5.1,0.0052,0.0144
063_30,test,day,063,5.1,0.0324,0.0144
063_34,test,day,063,5.1,0.0292,0.0144
063_38,test,day,063,5.1,0.0048,0.0142
063_42,test,day,063,5.1,0.0225,0.0142
063_46,test,day,063,5.1,0.0341,0.0145
065_02,train,day,065,12.1,0.0377,0.0146
065_06,train,day,065,12.1,0.0216,0.0149
065_10,train,day,065,12.1,0.0296,0.015
065_14,train,day,065,12.1,0.0294,0.0151
065_18,train,day,065,12.1,0.0246,0.0151
065_22,train,day,065,12.1,0.0144,0.0153
065_26,train,day,065,12.1,0.003,0.0153
065_30,train,day,065,12.1,0.0192,0.0152
065_34,train,day,065,12.1,0.0062,0.0152
065_38,train,day,065,12.1,0.0215,0.0152
065_42,train,day,065,12.1,0.0091,0.0152
065_46,train,day,065,12.1,0.0055,0.0152
069_02,train,day,069,56.3,0.002,0.016
069_06,train,day,069,56.3,0.0151,0.016
069_10,train,day,069,56.3,0.0324,0.016
069_14,train,day,069,56.3,0.0369,0.0159
069_18,train,day,069,56.3,0.0139,0.016
069_22,train,day,069,56.3,0.0058,0.0159
069_26,train,day,069,56.3,0.0061,0.016
069_30,train,day,069,56.3,0.0341,0.0159
069_34,train,day,069,56.3,0.0102,0.0159
069_38,train,day,069,56.3,0.0345,0.016
069_42,train,day,069,56.3,0.0205,0.0158
069_46,train,day,069,56.3,0.015,0.0156
087_02,train,night,087,1.0,0.0126,0.0259
087_06,train,night,087,1.0,0.0052,0.0261
087_10,train,night,087,1.0,0.0099,0.0261
087_14,train,night,087,1.0,0.0123,0.0261
087_18,train,night,087,1.0,0.0012,0.0261
087_22,train,night,087,1.0,0.0224,0.0261
087_26,train,night,087,1.0,0.0177,0.0261
087_30,train,night,087,1.0,0.0308,0.0261
087_34,train,night,087,1.0,0.0111,0.0261
087_38,train,night,087,1.0,0.027,0.0261
087_42,train,night,087,1.0,0.0199,0.0261
087_46,train,night,087,1.0,0.0238,0.0261
089_02,dev,night,089,14.0,0.0072,0.0237
089_06,dev,night,089,14.0,0.0191,0.0233
089_10,dev,night,089,14.0,0.0195,0.0237
089_14,dev,night,089,14.0,0.0253,0.0241
089_18,dev,night,089,14.0,0.0054,0.0241
089_22,dev,night,089,14.0,0.0302,0.0242
089_26,dev,night,089,14.0,0.0315,0.0241
089_30,dev,night,089,14.0,0.003,0.0241
089_34,dev,night,089,14.0,0.0057,0.0241
089_38,dev,night,089,14.0,0.0176,0.0241
089_42,dev,night,089,14.0,0.0017,0.0241
089_46,dev,night,089,14.0,0.0071,0.0241
094_02,test,night,094,56.1,0.0013,0.0177
094_06,test,night,094,56.1,0.0011,0.0178
094_10,test,night,094,56.1,0.0086,0.0182
094_14,test,night,094,56.1,0.0322,0.0182
094_18,test,night,094,56.1,0.005,0.0182
094_22,test,night,094,56.1,0.0018,0.0182
094_26,test,night,094,56.1,0.0153,0.0181
094_30,test,night,094,56.1,0.0094,0.018
094_34,test,night,094,56.1,0.0098,0.018
094_38,test,night,094,56.1,0.0098,0.0181
094_42,test,night,094,56.1,0.0031,0.0182
094_46,test,night,094,56.1,0.0305,0.0182
097_22,train,night,097,57.6,0.0315,0.0232
097_26,train,night,097,57.6,0.0342,0.0232
097_30,train,night,097,57.6,0.0224,0.0233
097_34,train,night,097,57.6,0.0174,0.0234
097_38,train,night,097,57.6,0.0153,0.0234
097_42,train,night,097,57.6,0.0192,0.0234
097_46,train,night,097,57.6,0.023,0.0235
098_02,train,night,098,8.1,0.0172,0.019
098_06,train,night,098,8.1,0.0033,0.0191
098_10,train,night,098,8.1,0.0099,0.019
098_14,train,night,098,8.1,0.0181,0.019
098_18,train,night,098,8.1,0.0221,0.0191
098_22,train,night,098,8.1,0.0293,0.0192
098_26,train,night,098,8.1,0.0313,0.0192
098_30,train,night,098,8.1,0.0097,0.0192
098_34,train,night,098,8.1,0.0083,0.0192
098_38,train,night,098,8.1,0.0247,0.0193
098_42,train,night,098,8.1,0.0309,0.0193
098_46,train,night,098,8.1,0.0204,0.0193
102_30,train,day,102,16.6,0.0131,0.0141
102_34,train,day,102,16.6,0.0229,0.0148
102_38,train,day,102,16.6,0.0038,0.0147
102_42,train,day,102,16.6,0.02,0.0148
102_46,train,day,102,16.6,0.0359,0.0149
103_18,dev,day,103,27.8,0.0256,0.0165
103_22,dev,day,103,27.8,0.0271,0.0166
103_26,dev,day,103,27.8,0.0034,0.0166
103_30,dev,day,103,27.8,0.0085,0.0168
103_34,dev,day,103,27.8,0.0086,0.0168
103_38,dev,day,103,27.8,0.0366,0.0168
103_42,dev,day,103,27.8,0.0054,0.0167
103_46,dev,day,103,27.8,0.0394,0.0167
104_02,test,day,104,0.3,0.0078,0.0178
104_06,test,day,104,0.3,0.0241,0.0178
104_10,test,day,104,0.3,0.0152,0.0178
104_14,test,day,104,0.3,0.0261,0.0178
104_18,test,day,104,0.3,0.0261,0.0178
104_22,test,day,104,0.3,0.0216,0.0179
104_26,test,day,104,0.3,0.0318,0.0178
104_30,test,day,104,0.3,0.0125,0.0179
104_34,test,day,104,0.3,0.026,0.0179
104_38,test,day,104,0.3,0.0217,0.017
104_42,test,day,104,0.3,0.0347,0.0167
104_46,test,day,104,0.3,0.0398,0.0167
105_02,train,day,105,18.2,0.0337,0.0157
105_06,train,day,105,18.2,0.0393,0.0158
105_10,train,day,105,18.2,0.0355,0.0158
105_14,train,day,105,18.2,0.0159,0.0158
105_18,train,day,105,18.2,0.0089,0.0151
105_22,train,day,105,18.2,0.036,0.0153
105_26,train,day,105,18.2,0.0182,0.0156
105_30,train,day,105,18.2,0.0276,0.0152
105_34,train,day,105,18.2,0.0191,0.0154
105_38,train,day,105,18.2,0.005,0.0157
105_42,train,day,105,18.2,0.0334,0.0157
105_46,train,day,105,18.2,0.0327,0.0158
106_02,train,day,106,31.7,0.0219,0.0143
106_06,train,day,106,31.7,0.026,0.0143
106_10,train,day,106,31.7,0.0397,0.0143
106_14,train,day,106,31.7,0.0018,0.0143
106_18,train,day,106,31.7,0.0243,0.0144
106_22,train,day,106,31.7,0.0102,0.0144
106_26,train,day,106,31.7,0.0017,0.0144
106_30,train,day,106,31.7,0.0338,0.0143
106_34,train,day,106,31.7,0.0041,0.0141
106_38,train,day,106,31.7,0.0363,0.0144
106_42,train,day,106,31.7,0.02,0.0141
106_46,train,day,106,31.7,0.0228,0.014
107_02,train,day,107,22.5,0.034,0.0162
107_06,train,day,107,22.5,0.0262,0.0163
107_10,train,day,107,22.5,0.0261,0.0164
107_14,train,day,107,22.5,0.0006,0.0163
107_18,train,day,107,22.5,0.0153,0.0157
107_22,train,day,107,22.5,0.0089,0.0162
107_26,train,day,107,22.5,0.0261,0.0162
107_30,train,day,107,22.5,0.0056,0.0164
107_34,train,day,107,22.5,0.0047,0.0162
107_38,train,day,107,22.5,0.032,0.0164
107_42,train,day,107,22.5,0.0105,0.0163
107_46,train,day,107,22.5,0.0112,0.0159
113_02,dev,day,113,39.5,0.0058,0.0149
113_06,dev,day,113,39.5,0.0183,0.0151
113_10,dev,day,113,39.5,0.0271,0.0152
113_14,dev,day,113,39.5,0.006,0.0148
113_18,dev,day,113,39.5,0.0037,0.0148
113_22,dev,day,113,39.5,0.0382,0.0152
113_26,dev,day,113,39.5,0.0154,0.0151
113_30,dev,day,113,39.5,0.0202,0.0153
113_34,dev,day,113,39.5,0.0102,0.0152
113_38,dev,day,113,39.5,0.0022,0.0153
113_42,dev,day,113,39.5,0.0052,0.0153
113_46,dev,day,113,39.5,0.0181,0.0154
114_02,test,day,114,20.0,0.0224,0.0211
114_06,test,day,114,20.0,0.0241,0.021
114_10,test,day,114,20.0,0.0326,0.0211
114_14,test,day,114,20.0,0.0279,0.0214
114_18,test,day,114,20.0,0.0066,0.0214
114_22,test,day,114,20.0,0.0228,0.0214
114_26,test,day,114,20.0,0.0392,0.0216
114_30,test,day,114,20.0,0.0237,0.021
114_34,test,day,114,20.0,0.0157,0.0208
114_38,test,day,114,20.0,0.012,0.0208
114_42,test,day,114,20.0,0.0278,0.0208
114_46,test,day,114,20.0,0.0315,0.0211
115_02,train,day,115,15.1,0.0374,0.0156
115_06,train,day,115,15.1,0.0163,0.0158
115_10,train,day,115,15.1,0.0273,0.016
115_14,train,day,115,15.1,0.0032,0.0161
115_18,train,day,115,15.1,0.0302,0.0161
115_22,train,day,115,15.1,0.0292,0.0161
115_26,train,day,115,15.1,0.029,0.016
115_30,train,day,115,15.1,0.0117,0.0162
115_34,train,day,115,15.1,0.0236,0.0164
115_38,train,day,115,15.1,0.0119,0.0164
115_42,train,day,115,15.1,0.0385,0.0163
115_46,train,day,115,15.1,0.0233,0.0163
116_02,train,day,116,26.0,0.0308,0.0166
116_06,train,day,116,26.0,0.0006,0.0174
116_10,train,day,116,26.0,0.0313,0.0172
116_14,train,day,116,26.0,0.0158,0.0172
116_18,train,day,116,26.0,0.0139,0.0173
116_22,train,day,116,26.0,0.0239,0.017
116_26,train,day,116,26.0,0.0072,0.0169
116_30,train,day,116,26.0,0.011,0.0172
116_34,train,day,116,26.0,0.0328,0.0171
116_38,train,day,116,26.0,0.0281,0.0172
116_42,train,day,116,26.0,0.015,0.0171
116_46,train,day,116,26.0,0.0033,0.0169
117_02,train,day,117,17.7,0.0267,0.0143
117_06,train,day,117,17.7,0.0185,0.0145
117_10,train,day,117,17.7,0.0075,0.0144
117_14,train,day,117,17.7,0.0353,0.0147
117_18,train,day,117,17.7,0.029,0.0147
117_22,train,day,117,17.7,0.0082,0.0147
117_26,train,day,117,17.7,0.0064,0.0147
117_30,train,day,117,17.7,0.0086,0.0147
117_34,train,day,117,17.7,0.0145,0.0147
117_38,train,day,117,17.7,0.0305,0.0145
117_42,train,day,117,17.7,0.0361,0.0145
117_46,train,day,117,17.7,0.0359,0.0145
118_02,dev,day,118,19.4,0.0193,0.0186
118_06,dev,day,118,19.4,0.0066,0.0189
118_10,dev,day,118,19.4,0.0297,0.0188
118_14,dev,day,118,19.4,0.0254,0.0188
118_18,dev,day,118,19.4,0.0145,0.0189
118_22,dev,day,118,19.4,0.0021,0.0188
118_26,dev,day,118,19.4,0.0123,0.0186
118_30,dev,day,118,19.4,0.0211,0.0183
118_34,dev,day,118,19.4,0.0175,0.0188
118_38,dev,day,118,19.4,0.0321,0.0189
118_42,dev,day,118,19.4,0.0022,0.019
118_46,dev,day,118,19.4,0.0055,0.019
119_02,test,day,119,27.7,0.0318,0.0173
119_06,test,day,119,27.7,0.0173,0.017
119_10,test,day,119,27.7,0.0319,0.0171
119_14,test,day,119,27.7,0.0164,0.0171
119_18,test,day,119,27.7,0.0278,0.0169
119_22,test,day,119,27.7,0.0208,0.0161
119_26,test,day,119,27.7,0.0101,0.0158
119_30,test,day,119,27.7,0.0078,0.0166
119_34,test,day,119,27.7,0.0174,0.0165
119_38,test,day,119,27.7,0.0095,0.0167
119_42,test,day,119,27.7,0.0215,0.0167
119_46,test,day,119,27.7,0.0379,0.0165
122_02,train,day,122,8.4,0.0298,0.0154
122_06,train,day,122,8.4,0.0311,0.0154
122_10,train,day,122,8.4,0.0114,0.0155
122_14,train,day,122,8.4,0.0246,0.0154
122_18,train,day,122,8.4,0.029,0.0156
122_22,train,day,122,8.4,0.0025,0.0157
122_26,train,day,122,8.4,0.0315,0.0154
122_30,train,day,122,8.4,0.0261,0.0155
122_34,train,day,122,8.4,0.0294,0.0154
122_38,train,day,122,8.4,0.0286,0.0156
122_42,train,day,122,8.4,0.0386,0.0152
122_46,train,day,122,8.4,0.0362,0.0152
123_02,train,day,123,5.4,0.0004,0.0169
123_06,train,day,123,5.4,0.016,0.0171
123_10,train,day,123,5.4,0.0117,0.017
123_14,train,day,123,5.4,0.0228,0.0172
123_18,train,day,123,5.4,0.0306,0.0173
123_22,train,day,123,5.4,0.0101,0.0174
123_26,train,day,123,5.4,0.0195,0.0175
123_30,train,day,123,5.4,0.0099,0.0174
123_34,train,day,123,5.4,0.0374,0.0171
123_38,train,day,123,5.4,0.0136,0.017
123_42,train,day,123,5.4,0.001,0.0172
123_46,train,day,123,5.4,0.0011,0.0174
124_02,train,day,124,13.8,0.0243,0.0206
124_06,train,day,124,13.8,0.0273,0.0208
124_10,train,day,124,13.8,0.0324,0.0207
124_14,train,day,124,13.8,0.0009,0.0207
124_18,train,day,124,13.8,0.0207,0.0209
124_22,train,day,124,13.8,0.0308,0.0207
124_26,train,day,124,13.8,0.0284,0.0205
124_30,train,day,124,13.8,0.0189,0.0205
124_34,train,day,124,13.8,0.0043,0.0199
124_38,train,day,124,13.8,0.0217,0.0197
124_42,train,day,124,13.8,0.0182,0.0203
124_46,train,day,124,13.8,0.0129,0.0205
126_02,dev,day,126,2.0,0.004,0.02
126_06,dev,day,126,2.0,0.0165,0.0198
126_10,dev,day,126,2.0,0.0205,0.0197
126_14,dev,day,126,2.0,0.0357,0.0195
126_18,dev,day,126,2.0,0.0373,0.0197
126_22,dev,day,126,2.0,0.0136,0.0198
126_26,dev,day,126,2.0,0.0269,0.0198
126_30,dev,day,126,2.0,0.0118,0.02
126_34,dev,day,126,2.0,0.0027,0.0199
126_38,dev,day,126,2.0,0.0114,0.0199
126_42,dev,day,126,2.0,0.0256,0.0199
126_46,dev,day,126,2.0,0.0281,0.02
127_02,test,day,127,58.7,0.0357,0.0229
127_06,test,day,127,58.7,0.0322,0.023
127_10,test,day,127,58.7,0.0103,0.0229
127_14,test,day,127,58.7,0.0033,0.0226
127_18,test,day,127,58.7,0.0085,0.023
127_22,test,day,127,58.7,0.0103,0.0226
127_26,test,day,127,58.7,0.0034,0.0225
127_30,test,day,127,58.7,0.0032,0.0227
127_34,test,day,127,58.7,0.0333,0.023
127_38,test,day,127,58.7,0.0158,0.0231
127_42,test,day,127,58.7,0.0251,0.0228
127_46,test,day,127,58.7,0.0028,0.0226
128_02,train,day,128,7.2,0.0305,0.0183
128_06,train,day,128,7.2,0.0251,0.0185
128_10,train,day,128,7.2,0.018,0.0186
128_14,train,day,128,7.2,0.009,0.0187
128_18,train,day,128,7.2,0.0269,0.0186
128_22,train,day,128,7.2,0.0348,0.0186
128_26,train,day,128,7.2,0.0255,0.0186
128_30,train,day,128,7.2,0.0308,0.0183
128_34,train,day,128,7.2,0.0034,0.0185
128_38,train,day,128,7.2,0.0262,0.0184
128_42,train,day,128,7.2,0.0061,0.0185
128_46,train,day,128,7.2,0.0022,0.0183
129_02,train,day,129,54.5,0.0249,0.0214
129_06,train,day,129,54.5,0.022,0.0214
129_10,train,day,129,54.5,0.0388,0.0214
129_14,train,day,129,54.5,0.0318,0.0216
129_18,train,day,129,54.5,0.026,0.0219
129_22,train,day,129,54.5,0.0359,0.0223
129_26,train,day,129,54.5,0.03,0.0223
129_30,train,day,129,2.3,0.0087,0.0265
129_34,train,day,129,2.3,0.0021,0.0263
129_38,train,day,129,2.3,0.0062,0.0261
129_42,train,day,129,2.3,0.002,0.0263
129_46,train,day,129,2.3,0.0184,0.0264
130_02,train,day,130,17.6,0.0393,0.018
130_06,train,day,130,17.6,0.0032,0.0179
130_10,train,day,130,17.6,0.0188,0.0176
130_14,train,day,130,17.6,0.0122,0.0181
130_18,train,day,130,17.6,0.0077,0.0175
130_22,train,day,130,17.6,0.0196,0.0177
130_26,train,day,130,17.6,0.0052,0.0179
130_30,train,day,130,17.6,0.0016,0.0177
130_34,train,day,130,17.6,0.0335,0.0176
130_38,train,day,130,17.6,0.0391,0.0181
130_42,train,day,130,17.6,0.0366,0.0179
130_46,train,day,130,17.6,0.0252,0.0181
131_02,dev,day,131,10.6,0.0091,0.0222
131_06,dev,day,131,10.6,0.0257,0.0222
131_10,dev,day,131,10.6,0.0177,0.0223
131_14,dev,day,131,10.6,0.0311,0.0223
131_18,dev,day,131,10.6,0.0238,0.022
131_22,dev,day,131,10.6,0.0254,0.0222
131_26,dev,day,131,10.6,0.0141,0.0218
131_30,dev,day,131,10.6,0.0078,0.0217
131_34,dev,day,131,10.6,0.0398,0.0214
131_38,dev,day,131,10.6,0.0067,0.0218
131_42,dev,day,131,10.6,0.0307,0.0219
131_46,dev,day,131,10.6,0.0366,0.0223
132_02,test,day,132,5.9,0.0007,0.0147
132_06,test,day,132,5.9,0.0148,0.0147
132_10,test,day,132,5.9,0.0007,0.0146
132_14,test,day,132,5.9,0.0104,0.0145
132_18,test,day,132,5.9,0.0054,0.0142
132_22,test,day,132,5.9,0.0276,0.0139
132_26,test,day,132,5.9,0.0186,0.0149
132_30,test,day,132,5.9,0.0387,0.0149
132_34,test,day,132,5.9,0.04,0.0149
132_38,test,day,132,5.9,0.017,0.0147
132_42,test,day,132,5.9,0.0145,0.0138
132_46,test,day,132,5.9,0.0039,0.0143
133_02,train,day,133,3.4,0.0142,0.0156
133_06,train,day,133,3.4,0.0348,0.0152
133_10,train,day,133,3.4,0.0217,0.0156
133_14,train,day,133,3.4,0.0335,0.0157
133_18,train,day,133,3.4,0.0244,0.0156
133_22,train,day,133,3.4,0.0333,0.0156
133_26,train,day,133,3.4,0.0125,0.015
133_30,train,day,133,3.4,0.0361,0.0154
133_34,train,day,133,3.4,0.0269,0.0156
133_38,train,day,133,3.4,0.0263,0.0155
133_42,train,day,133,3.4,0.0293,0.0156
133_46,train,day,133,3.4,0.0354,0.0156
134_02,train,day,134,37.4,0.0033,0.021
134_06,train,day,134,37.4,0.0183,0.0214
134_10,train,day,134,37.4,0.0359,0.0218
134_14,train,day,134,37.4,0.0241,0.0223
134_18,train,day,134,37.4,0.0134,0.0223
134_22,train,day,134,37.4,0.0024,0.0223
134_26,train,day,134,37.4,0.0037,0.0223
134_30,train,day,134,37.4,0.0097,0.022
134_34,train,day,134,37.4,0.0126,0.0213
134_38,train,day,134,37.4,0.0036,0.0211
134_42,train,day,134,37.4,0.031,0.0218
134_46,train,day,134,37.4,0.0068,0.022
135_02,train,day,135,56.4,0.0219,0.0194
135_06,train,day,135,56.4,0.0145,0.0196
135_10,train,day,135,56.4,0.0264,0.0197
135_14,train,day,135,56.4,0.0247,0.0196
135_18,train,day,135,56.4,0.0319,0.0194
135_22,train,day,135,56.4,0.0147,0.0194
135_26,train,day,135,56.4,0.0062,0.0192
135_30,train,day,135,56.4,0.0182,0.0199
135_34,train,day,135,56.4,0.0269,0.0201
135_38,train,day,135,56.4,0.0173,0.0198
135_42,train,day,135,56.4,0.0279,0.0197
135_46,train,day,135,56.4,0.0394,0.0201
141_02,dev,day,141,15.4,0.0207,0.0186
141_06,dev,day,141,15.4,0.0171,0.0185
141_10,dev,day,141,15.4,0.0218,0.0186
141_14,dev,day,141,15.4,0.0272,0.0182
141_18,dev,day,141,15.4,0.0064,0.0187
141_22,dev,day,141,15.4,0.0313,0.019
141_26,dev,day,141,15.4,0.0134,0.0185
141_30,dev,day,141,15.4,0.017,0.0188
141_34,dev,day,141,15.4,0.0375,0.0187
141_38,dev,day,141,15.4,0.0002,0.0183
141_42,dev,day,141,15.4,0.024,0.0187
141_46,dev,day,141,15.4,0.0215,0.0185
147_02,test,day,147,9.2,0.0384,0.0143
147_06,test,day,147,9.2,0.0072,0.0141
147_10,test,day,147,9.2,0.0315,0.0143
147_14,test,day,147,9.2,0.0275,0.0142
147_18,test,day,147,9.2,0.0362,0.0144
147_22,test,day,147,9.2,0.009,0.0143
147_26,test,day,147,9.2,0.007,0.0142
147_30,test,day,147,9.2,0.0117,0.0141
147_34,test,day,147,9.2,0.0074,0.0141
147_38,test,day,147,9.2,0.0265,0.014
147_42,test,day,147,9.2,0.0333,0.0141
147_46,test,day,147,9.2,0.0004,0.014
150_02,train,day,150,4.3,0.0156,0.013
150_06,train,day,150,4.3,0.0225,0.013
150_10,train,day,150,4.3,0.0174,0.0135
151_02,train,day,151,14.6,0.0203,0.0139
151_06,train,day,151,14.6,0.0224,0.0139
151_10,train,day,151,14.6,0.0209,0.0139
151_14,train,day,151,14.6,0.0193,0.0145
151_18,train,day,151,14.6,0.0092,0.0147
151_22,train,day,151,14.6,0.0147,0.0147
151_26,train,day,151,14.6,0.0044,0.0146
151_30,train,day,151,14.6,0.0212,0.0148
151_34,train,day,151,14.6,0.0257,0.0146
151_38,train,day,151,14.6,0.0231,0.0144
151_42,train,day,151,14.6,0.0177,0.0145
151_46,train,day,151,14.6,0.0139,0.0148
160_02,train,day,160,13.8,0.0289,0.0089
160_06,train,day,160,13.8,0.0204,0.0088
160_10,train,day,160,13.8,0.039,0.0089
160_14,train,day,160,13.8,0.0212,0.0089
160_18,train,day,160,13.8,0.002,0.0088
160_22,train,day,160,13.8,0.0111,0.0089
160_26,train,day,160,13.8,0.0089,0.0089
160_30,train,day,160,13.8,0.0286,0.0088
160_34,train,day,160,13.8,0.013,0.009
160_38,train,day,160,13.8,0.0355,0.0088
160_42,train,day,160,13.8,0.0335,0.0088
160_46,train,day,160,13.8,0.0137,0.0085
168_02,dev,day,168,16.4,0.0247,0.011
168_06,dev,day,168,16.4,0.0296,0.011
168_10,dev,day,168,16.4,0.0228,0.011
168_14,dev,day,168,16.4,0.0235,0.0111
168_18,dev,day,168,16.4,0.0398,0.0108
168_22,dev,day,168,16.4,0.0105,0.011
168_26,dev,day,168,16.4,0.0378,0.011
168_30,dev,day,168,16.4,0.007,0.0111
168_34,dev,day,168,16.4,0.04,0.0112
168_38,dev,day,168,16.4,0.0257,0.0111
168_42,dev,day,168,16.4,0.0398,0.0111
168_46,dev,day,168,16.4,0.008,0.011
169_02,train,night,169,52.2,0.007,0.0168
169_06,train,night,169,52.2,0.0371,0.0168
169_10,train,night,169,52.2,0.0051,0.0168
169_14,train,night,169,52.2,0.0003,0.0168
169_18,train,night,169,52.2,0.0302,0.0168
169_22,train,night,169,52.2,0.0348,0.0168
169_26,train,night,169,52.2,0.0291,0.0168
169_30,train,night,169,52.2,0.0226,0.0168
169_34,train,night,169,52.2,0.0271,0.0168
169_38,train,night,169,52.2,0.0201,0.0168
169_42,train,night,169,52.2,0.0132,0.0167
169_46,train,night,169,52.2,0.0146,0.0168
171_02,dev,night,171,38.2,0.0211,0.0214
171_06,dev,night,171,38.2,0.0097,0.0219
171_10,dev,night,171,38.2,0.0134,0.0218
171_14,dev,night,171,38.2,0.0152,0.0215
171_18,dev,night,171,38.2,0.0218,0.0214
171_22,dev,night,171,38.2,0.0195,0.0208
171_26,dev,night,171,38.2,0.0164,0.0216
171_30,dev,night,171,38.2,0.0392,0.021
171_34,dev,night,171,38.2,0.0076,0.0219
171_38,dev,night,171,38.2,0.0188,0.0219
171_42,dev,night,171,38.2,0.0168,0.0218
171_46,dev,night,171,38.2,0.0273,0.0218
172_02,test,night,172,14.8,0.0122,0.0162
172_06,test,night,172,14.8,0.0211,0.0162
172_10,test,night,172,14.8,0.0228,0.0162
172_14,test,night,172,14.8,0.02,0.0161
172_18,test,night,172,14.8,0.002,0.0161
172_22,test,night,172,14.8,0.0116,0.0161
172_26,test,night,172,14.8,0.0017,0.0162
172_30,test,night,172,14.8,0.0308,0.0162
172_34,test,night,172,14.8,0.0296,0.0162
172_38,test,night,172,14.8,0.0165,0.0162
172_42,test,night,172,14.8,0.037,0.0162
172_46,test,night,172,14.8,0.0311,0.0162
175_02,train,night,175,1.5,0.0351,0.018
175_06,train,night,175,1.5,0.0057,0.018
175_10,train,night,175,1.5,0.0298,0.018
175_14,train,night,175,1.5,0.0014,0.018
175_18,train,night,175,1.5,0.0345,0.018
175_22,train,night,175,1.5,0.0099,0.0179
175_26,train,night,175,1.5,0.0034,0.0178
175_30,train,night,175,1.5,0.0343,0.0177
175_34,train,night,175,1.5,0.0336,0.0175
175_38,train,night,175,1.5,0.0153,0.0176
175_42,train,night,175,1.5,0.0093,0.018
175_46,train,night,175,1.5,0.0131,0.0181
177_02,train,night,177,20.4,0.013,0.0104
177_06,train,night,177,20.4,0.0099,0.0104
177_10,train,night,177,20.4,0.0352,0.0104
177_14,train,night,177,20.4,0.0022,0.0106
177_18,train,night,177,20.4,0.0037,0.0106
177_22,train,night,177,20.4,0.0368,0.0106
177_26,train,night,177,20.4,0.0352,0.0106
177_30,train,night,177,20.4,0.0283,0.0106
177_34,train,night,177,20.4,0.0023,0.0106
177_38,train,night,177,20.4,0.0025,0.0106
177_42,train,night,177,20.4,0.026,0.0105
177_46,train,night,177,20.4,0.03,0.0105
179_02,train,night,179,21.2,0.0124,0.018
179_06,train,night,179,21.2,0.0159,0.0179
179_10,train,night,179,21.2,0.0333,0.0179
179_14,train,night,179,21.2,0.0097,0.018
179_18,train,night,179,21.2,0.0086,0.018
179_22,train,night,179,21.2,0.0241,0.018
179_26,train,night,179,21.2,0.0279,0.018
179_30,train,night,179,21.2,0.0006,0.018
179_34,train,night,179,21.2,0.0335,0.018
179_38,train,night,179,21.2,0.0271,0.0179
179_42,train,night,179,21.2,0.0315,0.0179
179_46,train,night,179,21.2,0.0381,0.0177
