name,split,daytime,seq
000_02,train,day,000
000_06,train,day,000
000_10,train,day,000
000_14,train,day,000
000_18,train,day,000
000_22,train,day,000
000_26,train,day,000
000_30,train,day,000
000_34,train,day,000
000_38,train,day,000
000_42,train,day,000
000_46,train,day,000
001_02,train,day,001
001_06,train,day,001
001_10,train,day,001
001_14,train,day,001
001_18,train,day,001
001_22,train,day,001
001_26,train,day,001
001_30,train,day,001
001_34,train,day,001
001_38,train,day,001
001_42,train,day,001
001_46,train,day,001
002_02,train,day,002
002_06,train,day,002
002_10,train,day,002
002_14,train,day,002
002_18,train,day,002
002_22,train,day,002
002_26,train,day,002
002_30,train,day,002
002_34,train,day,002
002_38,train,day,002
002_42,train,day,002
002_46,train,day,002
003_02,dev,day,003
003_06,dev,day,003
003_10,dev,day,003
003_14,dev,day,003
003_18,dev,day,003
003_22,dev,day,003
003_26,dev,day,003
003_30,dev,day,003
003_34,dev,day,003
003_38,dev,day,003
003_42,dev,day,003
003_46,dev,day,003
004_02,test,day,004
004_06,test,day,004
004_10,test,day,004
004_14,test,day,004
004_18,test,day,004
004_22,test,day,004
004_26,test,day,004
004_30,test,day,004
004_34,test,day,004
004_38,test,day,004
004_42,test,day,004
004_46,test,day,004
005_02,train,day,005
005_06,train,day,005
005_10,train,day,005
005_14,train,day,005
005_18,train,day,005
005_22,train,day,005
005_26,train,day,005
005_30,train,day,005
005_34,train,day,005
005_38,train,day,005
005_42,train,day,005
005_46,train,day,005
006_02,train,day,006
006_06,train,day,006
006_10,train,day,006
006_14,train,day,006
006_18,train,day,006
006_22,train,day,006
006_26,train,day,006
006_30,train,day,006
006_34,train,day,006
006_38,train,day,006
006_42,train,day,006
006_46,train,day,006
007_02,train,day,007
007_06,train,day,007
007_10,train,day,007
007_14,train,day,007
007_18,train,day,007
007_22,train,day,007
007_26,train,day,007
007_30,train,day,007
007_34,train,day,007
007_38,train,day,007
007_42,train,day,007
007_46,train,day,007
008_02,dev,day,008
008_06,dev,day,008
008_10,dev,day,008
008_14,dev,day,008
008_18,dev,day,008
008_22,dev,day,008
008_26,dev,day,008
008_30,dev,day,008
008_34,dev,day,008
008_38,dev,day,008
008_42,dev,day,008
008_46,dev,day,008
009_02,test,day,009
009_06,test,day,009
009_10,test,day,009
009_14,test,day,009
009_18,test,day,009
009_22,test,day,009
009_26,test,day,009
009_30,test,day,009
009_34,test,day,009
009_38,test,day,009
009_42,test,day,009
009_46,test,day,009
010_02,train,day,010
010_06,train,day,010
010_10,train,day,010
010_14,train,day,010
010_18,train,day,010
010_22,train,day,010
010_26,train,day,010
010_30,train,day,010
010_34,train,day,010
010_38,train,day,010
010_42,train,day,010
010_46,train,day,010
011_02,train,day,011
011_06,train,day,011
011_10,train,day,011
011_14,train,day,011
011_18,train,day,011
011_22,train,day,011
011_26,train,day,011
011_30,train,day,011
011_34,train,day,011
011_38,train,day,011
011_42,train,day,011
011_46,train,day,011
012_02,train,day,012
012_06,train,day,012
012_10,train,day,012
012_14,train,day,012
012_18,train,day,012
012_22,train,day,012
012_26,train,day,012
012_30,train,day,012
012_34,train,day,012
012_38,train,day,012
012_42,train,day,012
012_46,train,day,012
013_02,dev,day,013
013_06,dev,day,013
013_10,dev,day,013
013_14,dev,day,013
013_18,dev,day,013
013_22,dev,day,013
013_26,dev,day,013
013_30,dev,day,013
013_34,dev,day,013
013_38,dev,day,013
013_42,dev,day,013
013_46,dev,day,013
014_02,test,day,014
014_06,test,day,014
014_10,test,day,014
014_14,test,day,014
014_18,test,day,014
014_22,test,day,014
014_26,test,day,014
014_30,test,day,014
014_34,test,day,014
014_38,test,day,014
014_42,test,day,014
014_46,test,day,014
015_02,train,day,015
015_06,train,day,015
015_10,train,day,015
015_14,train,day,015
015_18,train,day,015
015_22,train,day,015
015_26,train,day,015
015_30,train,day,015
015_34,train,day,015
015_38,train,day,015
015_42,train,day,015
015_46,train,day,015
016_02,train,day,016
016_06,train,day,016
016_10,train,day,016
016_14,train,day,016
016_18,train,day,016
016_22,train,day,016
016_26,train,day,016
016_30,train,day,016
016_34,train,day,016
016_38,train,day,016
016_42,train,day,016
016_46,train,day,016
017_02,train,day,017
017_06,train,day,017
017_10,train,day,017
017_14,train,day,017
017_18,train,day,017
017_22,train,day,017
017_26,train,day,017
017_30,train,day,017
017_34,train,day,017
017_38,train,day,017
017_42,train,day,017
017_46,train,day,017
018_02,dev,day,018
018_06,dev,day,018
018_10,dev,day,018
018_14,dev,day,018
018_18,dev,day,018
018_22,dev,day,018
018_26,dev,day,018
018_30,dev,day,018
018_34,dev,day,018
018_38,dev,day,018
018_42,dev,day,018
018_46,dev,day,018
019_02,test,day,019
019_06,test,day,019
019_10,test,day,019
019_14,test,day,019
019_18,test,day,019
019_22,test,day,019
019_26,test,day,019
019_30,test,day,019
019_34,test,day,019
019_38,test,day,019
019_42,test,day,019
019_46,test,day,019
020_02,train,day,020
020_06,train,day,020
020_10,train,day,020
020_14,train,day,020
020_18,train,day,020
020_22,train,day,020
020_26,train,day,020
020_30,train,day,020
020_34,train,day,020
020_38,train,day,020
020_42,train,day,020
020_46,train,day,020
021_02,train,day,021
021_06,train,day,021
021_10,train,day,021
021_14,train,day,021
021_18,train,day,021
021_22,train,day,021
021_26,train,day,021
021_30,train,day,021
021_34,train,day,021
021_38,train,day,021
021_42,train,day,021
021_46,train,day,021
022_02,train,day,022
022_06,train,day,022
022_10,train,day,022
022_14,train,day,022
022_18,train,day,022
022_22,train,day,022
022_26,train,day,022
022_30,train,day,022
022_34,train,day,022
022_38,train,day,022
022_42,train,day,022
022_46,train,day,022
023_02,dev,day,023
023_06,dev,day,023
023_10,dev,day,023
023_14,dev,day,023
023_18,dev,day,023
023_22,dev,day,023
023_26,dev,day,023
023_30,dev,day,023
023_34,dev,day,023
023_38,dev,day,023
023_42,dev,day,023
023_46,dev,day,023
024_02,test,day,024
024_06,test,day,024
024_10,test,day,024
024_14,test,day,024
024_18,test,day,024
024_22,test,day,024
024_26,test,day,024
024_30,test,day,024
024_34,test,day,024
024_38,test,day,024
024_42,test,day,024
024_46,test,day,024
025_02,train,day,025
025_06,train,day,025
025_10,train,day,025
025_14,train,day,025
025_18,train,day,025
025_22,train,day,025
025_26,train,day,025
025_30,train,day,025
025_34,train,day,025
025_38,train,day,025
025_42,train,day,025
025_46,train,day,025
026_02,train,day,026
026_06,train,day,026
026_10,train,day,026
026_14,train,day,026
026_18,train,day,026
026_22,train,day,026
026_26,train,day,026
026_30,train,day,026
026_34,train,day,026
026_38,train,day,026
026_42,train,day,026
026_46,train,day,026
027_02,train,day,027
027_06,train,day,027
027_10,train,day,027
027_14,train,day,027
027_18,train,day,027
027_22,train,day,027
027_26,train,day,027
027_30,train,day,027
027_34,train,day,027
027_38,train,day,027
027_42,train,day,027
027_46,train,day,027
028_02,dev,day,028
028_06,dev,day,028
028_10,dev,day,028
028_14,dev,day,028
028_18,dev,day,028
028_22,dev,day,028
028_26,dev,day,028
028_30,dev,day,028
028_34,dev,day,028
028_38,dev,day,028
028_42,dev,day,028
028_46,dev,day,028
029_02,test,day,029
029_06,test,day,029
029_10,test,day,029
029_14,test,day,029
029_18,test,day,029
029_22,test,day,029
029_26,test,day,029
029_30,test,day,029
029_34,test,day,029
029_38,test,day,029
029_42,test,day,029
029_46,test,day,029
030_02,train,day,030
030_06,train,day,030
030_10,train,day,030
030_14,train,day,030
030_18,train,day,030
030_22,train,day,030
030_26,train,day,030
030_30,train,day,030
030_34,train,day,030
030_38,train,day,030
030_42,train,day,030
030_46,train,day,030
031_02,train,day,031
031_06,train,day,031
031_10,train,day,031
031_14,train,day,031
031_18,train,day,031
031_22,train,day,031
031_26,train,day,031
031_30,train,day,031
031_34,train,day,031
031_38,train,day,031
031_42,train,day,031
031_46,train,day,031
032_02,train,day,032
032_06,train,day,032
032_10,train,day,032
032_14,train,day,032
032_18,train,day,032
032_22,train,day,032
032_26,train,day,032
032_30,train,day,032
032_34,train,day,032
032_38,train,day,032
032_42,train,day,032
032_46,train,day,032
033_02,dev,day,033
033_06,dev,day,033
033_10,dev,day,033
033_14,dev,day,033
033_18,dev,day,033
033_22,dev,day,033
033_26,dev,day,033
033_30,dev,day,033
033_34,dev,day,033
033_38,dev,day,033
033_42,dev,day,033
033_46,dev,day,033
034_02,test,day,034
034_06,test,day,034
034_10,test,day,034
034_14,test,day,034
034_18,test,day,034
034_22,test,day,034
034_26,test,day,034
034_30,test,day,034
034_34,test,day,034
034_38,test,day,034
034_42,test,day,034
034_46,test,day,034
035_02,train,day,035
035_06,train,day,035
035_10,train,day,035
035_14,train,day,035
035_18,train,day,035
035_22,train,day,035
035_26,train,day,035
035_30,train,day,035
035_34,train,day,035
035_38,train,day,035
035_42,train,day,035
035_46,train,day,035
036_02,test,night,036
036_06,test,night,036
036_10,test,night,036
036_14,test,night,036
036_18,test,night,036
036_22,test,night,036
036_26,test,night,036
036_30,test,night,036
036_34,test,night,036
036_38,test,night,036
036_42,test,night,036
036_46,test,night,036
037_02,train,night,037
037_06,train,night,037
037_10,train,night,037
037_14,train,night,037
037_18,train,night,037
037_22,train,night,037
037_26,train,night,037
037_30,train,night,037
037_34,train,night,037
037_38,train,night,037
037_42,train,night,037
037_46,train,night,037
038_02,train,night,038
038_06,train,night,038
038_10,train,night,038
038_14,train,night,038
038_18,train,night,038
038_22,train,night,038
038_26,train,night,038
038_30,train,night,038
038_34,train,night,038
038_38,train,night,038
038_42,train,night,038
038_46,train,night,038
039_02,train,night,039
039_06,train,night,039
039_10,train,night,039
039_14,train,night,039
039_18,train,night,039
039_22,train,night,039
039_26,train,night,039
039_30,train,night,039
039_34,train,night,039
039_38,train,night,039
039_42,train,night,039
039_46,train,night,039
040_02,dev,night,040
040_06,dev,night,040
040_10,dev,night,040
040_14,dev,night,040
040_18,dev,night,040
040_22,dev,night,040
040_26,dev,night,040
040_30,dev,night,040
040_34,dev,night,040
040_38,dev,night,040
040_42,dev,night,040
040_46,dev,night,040
041_02,test,night,041
041_06,test,night,041
041_10,test,night,041
041_14,test,night,041
041_18,test,night,041
041_22,test,night,041
041_26,test,night,041
041_30,test,night,041
041_34,test,night,041
041_38,test,night,041
041_42,test,night,041
041_46,test,night,041
042_02,train,night,042
042_06,train,night,042
042_10,train,night,042
042_14,train,night,042
042_18,train,night,042
042_22,train,night,042
042_26,train,night,042
042_30,train,night,042
042_34,train,night,042
042_38,train,night,042
042_42,train,night,042
042_46,train,night,042
043_02,train,night,043
043_06,train,night,043
043_10,train,night,043
043_14,train,night,043
043_18,train,night,043
043_22,train,night,043
043_26,train,night,043
043_30,train,night,043
043_34,train,night,043
043_38,train,night,043
043_42,train,night,043
043_46,train,night,043
044_02,train,night,044
044_06,train,night,044
044_10,train,night,044
044_14,train,night,044
044_18,train,night,044
044_22,train,night,044
044_26,train,night,044
044_30,train,night,044
044_34,train,night,044
044_38,train,night,044
044_42,train,night,044
044_46,train,night,044
045_02,dev,night,045
045_06,dev,night,045
045_10,dev,night,045
045_14,dev,night,045
045_18,dev,night,045
045_22,dev,night,045
045_26,dev,night,045
045_30,dev,night,045
045_34,dev,night,045
045_38,dev,night,045
045_42,dev,night,045
045_46,dev,night,045
046_02,test,night,046
046_06,test,night,046
046_10,test,night,046
046_14,test,night,046
046_18,test,night,046
046_22,test,night,046
046_26,test,night,046
046_30,test,night,046
046_34,test,night,046
046_38,test,night,046
046_42,test,night,046
046_46,test,night,046
047_02,train,night,047
047_06,train,night,047
047_10,train,night,047
047_14,train,night,047
047_18,train,night,047
047_22,train,night,047
047_26,train,night,047
047_30,train,night,047
047_34,train,night,047
047_38,train,night,047
047_42,train,night,047
047_46,train,night,047
048_02,train,night,048
048_06,train,night,048
048_10,train,night,048
048_14,train,night,048
048_18,train,night,048
048_22,train,night,048
048_26,train,night,048
048_30,train,night,048
048_34,train,night,048
048_38,train,night,048
048_42,train,night,048
048_46,train,night,048
049_02,train,night,049
049_06,train,night,049
049_10,train,night,049
049_14,train,night,049
049_18,train,night,049
049_22,train,night,049
049_26,train,night,049
049_30,train,night,049
049_34,train,night,049
049_38,train,night,049
049_42,train,night,049
049_46,train,night,049
050_02,dev,night,050
050_06,dev,night,050
050_10,dev,night,050
050_14,dev,night,050
050_18,dev,night,050
050_22,dev,night,050
050_26,dev,night,050
050_30,dev,night,050
050_34,dev,night,050
050_38,dev,night,050
050_42,dev,night,050
050_46,dev,night,050
051_02,test,night,051
051_06,test,night,051
051_10,test,night,051
051_14,test,night,051
051_18,test,night,051
051_22,test,night,051
051_26,test,night,051
051_30,test,night,051
051_34,test,night,051
051_38,test,night,051
051_42,test,night,051
051_46,test,night,051
052_02,train,night,052
052_06,train,night,052
052_10,train,night,052
052_14,train,night,052
052_18,train,night,052
052_22,train,night,052
052_26,train,night,052
052_30,train,night,052
052_34,train,night,052
052_38,train,night,052
052_42,train,night,052
052_46,train,night,052
053_02,train,night,053
053_06,train,night,053
053_10,train,night,053
053_14,train,night,053
053_18,train,night,053
053_22,train,night,053
053_26,train,night,053
053_30,train,night,053
053_34,train,night,053
053_38,train,night,053
053_42,train,night,053
053_46,train,night,053
054_02,train,night,054
054_06,train,night,054
054_10,train,night,054
054_14,train,night,054
054_18,train,night,054
054_22,train,night,054
054_26,train,night,054
054_30,train,night,054
054_34,train,night,054
054_38,train,night,054
054_42,train,night,054
054_46,train,night,054
055_02,train,day,055
055_06,train,day,055
055_10,train,day,055
055_14,train,day,055
055_18,train,day,055
055_22,train,day,055
055_26,train,day,055
055_30,train,day,055
055_34,train,day,055
055_38,train,day,055
055_42,train,day,055
055_46,train,day,055
056_02,train,day,056
056_06,train,day,056
056_10,train,day,056
056_14,train,day,056
056_18,train,day,056
056_22,train,day,056
056_26,train,day,056
056_30,train,day,056
056_34,train,day,056
056_38,train,day,056
056_42,train,day,056
056_46,train,day,056
057_02,dev,day,057
057_06,dev,day,057
057_10,dev,day,057
057_14,dev,day,057
057_18,dev,day,057
057_22,dev,day,057
057_26,dev,day,057
057_30,dev,day,057
057_34,dev,day,057
057_38,dev,day,057
057_42,dev,day,057
057_46,dev,day,057
058_02,test,day,058
058_06,test,day,058
058_10,test,day,058
058_14,test,day,058
058_18,test,day,058
058_22,test,day,058
058_26,test,day,058
058_30,test,day,058
058_34,test,day,058
058_38,test,day,058
058_42,test,day,058
058_46,test,day,058
059_02,train,day,059
059_06,train,day,059
059_10,train,day,059
059_14,train,day,059
059_18,train,day,059
059_22,train,day,059
059_26,train,day,059
059_30,train,day,059
059_34,train,day,059
059_38,train,day,059
059_42,train,day,059
059_46,train,day,059
060_02,train,day,060
060_06,train,day,060
060_10,train,day,060
060_14,train,day,060
060_18,train,day,060
060_22,train,day,060
060_26,train,day,060
060_30,train,day,060
060_34,train,day,060
060_38,train,day,060
060_42,train,day,060
060_46,train,day,060
061_02,train,day,061
061_06,train,day,061
061_10,train,day,061
061_14,train,day,061
061_18,train,day,061
061_22,train,day,061
061_26,train,day,061
061_30,train,day,061
061_34,train,day,061
061_38,train,day,061
061_42,train,day,061
061_46,train,day,061
062_02,dev,day,062
062_06,dev,day,062
062_10,dev,day,062
062_14,dev,day,062
062_18,dev,day,062
062_22,dev,day,062
062_26,dev,day,062
062_30,dev,day,062
062_34,dev,day,062
062_38,dev,day,062
062_42,dev,day,062
062_46,dev,day,062
063_02,test,day,063
063_06,test,day,063
063_10,test,day,063
063_14,test,day,063
063_18,test,day,063
063_22,test,day,063
063_26,test,day,063
063_30,test,day,063
063_34,test,day,063
063_38,test,day,063
063_42,test,day,063
063_46,test,day,063
064_02,train,day,064
064_06,train,day,064
064_10,train,day,064
064_14,train,day,064
064_18,train,day,064
064_22,train,day,064
064_26,train,day,064
064_30,train,day,064
064_34,train,day,064
064_38,train,day,064
064_42,train,day,064
064_46,train,day,064
065_02,train,day,065
065_06,train,day,065
065_10,train,day,065
065_14,train,day,065
065_18,train,day,065
065_22,train,day,065
065_26,train,day,065
065_30,train,day,065
065_34,train,day,065
065_38,train,day,065
065_42,train,day,065
065_46,train,day,065
066_02,train,day,066
066_06,train,day,066
066_10,train,day,066
066_14,train,day,066
066_18,train,day,066
066_22,train,day,066
066_26,train,day,066
066_30,train,day,066
066_34,train,day,066
066_38,train,day,066
066_42,train,day,066
066_46,train,day,066
067_02,dev,day,067
067_06,dev,day,067
067_10,dev,day,067
067_14,dev,day,067
067_18,dev,day,067
067_22,dev,day,067
067_26,dev,day,067
067_30,dev,day,067
067_34,dev,day,067
067_38,dev,day,067
067_42,dev,day,067
067_46,dev,day,067
068_02,test,day,068
068_06,test,day,068
068_10,test,day,068
068_14,test,day,068
068_18,test,day,068
068_22,test,day,068
068_26,test,day,068
068_30,test,day,068
068_34,test,day,068
068_38,test,day,068
068_42,test,day,068
068_46,test,day,068
069_02,train,day,069
069_06,train,day,069
069_10,train,day,069
069_14,train,day,069
069_18,train,day,069
069_22,train,day,069
069_26,train,day,069
069_30,train,day,069
069_34,train,day,069
069_38,train,day,069
069_42,train,day,069
069_46,train,day,069
070_02,train,day,070
070_06,train,day,070
070_10,train,day,070
070_14,train,day,070
070_18,train,day,070
070_22,train,day,070
070_26,train,day,070
070_30,train,day,070
070_34,train,day,070
070_38,train,day,070
070_42,train,day,070
070_46,train,day,070
071_02,train,day,071
071_06,train,day,071
071_10,train,day,071
071_14,train,day,071
071_18,train,day,071
071_22,train,day,071
071_26,train,day,071
071_30,train,day,071
071_34,train,day,071
071_38,train,day,071
071_42,train,day,071
071_46,train,day,071
072_02,dev,day,072
072_06,dev,day,072
072_10,dev,day,072
072_14,dev,day,072
072_18,dev,day,072
072_22,dev,day,072
072_26,dev,day,072
072_30,dev,day,072
072_34,dev,day,072
072_38,dev,day,072
072_42,dev,day,072
072_46,dev,day,072
073_02,test,day,073
073_06,test,day,073
073_10,test,day,073
073_14,test,day,073
073_18,test,day,073
073_22,test,day,073
073_26,test,day,073
073_30,test,day,073
073_34,test,day,073
073_38,test,day,073
073_42,test,day,073
073_46,test,day,073
074_02,train,day,074
074_06,train,day,074
074_10,train,day,074
074_14,train,day,074
074_18,train,day,074
074_22,train,day,074
074_26,train,day,074
074_30,train,day,074
074_34,train,day,074
074_38,train,day,074
074_42,train,day,074
074_46,train,day,074
075_02,train,day,075
075_06,train,day,075
075_10,train,day,075
075_14,train,day,075
075_18,train,day,075
075_22,train,day,075
075_26,train,day,075
075_30,train,day,075
075_34,train,day,075
075_38,train,day,075
075_42,train,day,075
075_46,train,day,075
076_02,train,day,076
076_06,train,day,076
076_10,train,day,076
076_14,train,day,076
076_18,train,day,076
076_22,train,day,076
076_26,train,day,076
076_30,train,day,076
076_34,train,day,076
076_38,train,day,076
076_42,train,day,076
076_46,train,day,076
077_02,dev,day,077
077_06,dev,day,077
077_10,dev,day,077
077_14,dev,day,077
077_18,dev,day,077
077_22,dev,day,077
077_26,dev,day,077
077_30,dev,day,077
077_34,dev,day,077
077_38,dev,day,077
077_42,dev,day,077
077_46,dev,day,077
078_02,test,day,078
078_06,test,day,078
078_10,test,day,078
078_14,test,day,078
078_18,test,day,078
078_22,test,day,078
078_26,test,day,078
078_30,test,day,078
078_34,test,day,078
078_38,test,day,078
078_42,test,day,078
078_46,test,day,078
079_02,train,day,079
079_06,train,day,079
079_10,train,day,079
079_14,train,day,079
079_18,train,day,079
079_22,train,day,079
079_26,train,day,079
079_30,train,day,079
079_34,train,day,079
079_38,train,day,079
079_42,train,day,079
079_46,train,day,079
080_02,train,day,080
080_06,train,day,080
080_10,train,day,080
080_14,train,day,080
080_18,train,day,080
080_22,train,day,080
080_26,train,day,080
080_30,train,day,080
080_34,train,day,080
080_38,train,day,080
080_42,train,day,080
080_46,train,day,080
081_02,train,day,081
081_06,train,day,081
081_10,train,day,081
081_14,train,day,081
081_18,train,day,081
081_22,train,day,081
081_26,train,day,081
081_30,train,day,081
081_34,train,day,081
081_38,train,day,081
081_42,train,day,081
081_46,train,day,081
082_02,dev,day,082
082_06,dev,day,082
082_10,dev,day,082
082_14,dev,day,082
082_18,dev,day,082
082_22,dev,day,082
082_26,dev,day,082
082_30,dev,day,082
082_34,dev,day,082
082_38,dev,day,082
082_42,dev,day,082
082_46,dev,day,082
083_02,test,day,083
083_06,test,day,083
083_10,test,day,083
083_14,test,day,083
083_18,test,day,083
083_22,test,day,083
083_26,test,day,083
083_30,test,day,083
083_34,test,day,083
083_38,test,day,083
083_42,test,day,083
083_46,test,day,083
084_02,dev,night,084
084_06,dev,night,084
084_10,dev,night,084
084_14,dev,night,084
084_18,dev,night,084
084_22,dev,night,084
084_26,dev,night,084
084_30,dev,night,084
084_34,dev,night,084
084_38,dev,night,084
084_42,dev,night,084
084_46,dev,night,084
085_02,test,night,085
085_06,test,night,085
085_10,test,night,085
085_14,test,night,085
085_18,test,night,085
085_22,test,night,085
085_26,test,night,085
085_30,test,night,085
085_34,test,night,085
085_38,test,night,085
085_42,test,night,085
085_46,test,night,085
086_02,train,night,086
086_06,train,night,086
086_10,train,night,086
086_14,train,night,086
086_18,train,night,086
086_22,train,night,086
086_26,train,night,086
086_30,train,night,086
086_34,train,night,086
086_38,train,night,086
086_42,train,night,086
086_46,train,night,086
087_02,train,night,087
087_06,train,night,087
087_10,train,night,087
087_14,train,night,087
087_18,train,night,087
087_22,train,night,087
087_26,train,night,087
087_30,train,night,087
087_34,train,night,087
087_38,train,night,087
087_42,train,night,087
087_46,train,night,087
088_02,train,night,088
088_06,train,night,088
088_10,train,night,088
088_14,train,night,088
088_18,train,night,088
088_22,train,night,088
088_26,train,night,088
088_30,train,night,088
088_34,train,night,088
088_38,train,night,088
088_42,train,night,088
088_46,train,night,088
089_02,dev,night,089
089_06,dev,night,089
089_10,dev,night,089
089_14,dev,night,089
089_18,dev,night,089
089_22,dev,night,089
089_26,dev,night,089
089_30,dev,night,089
089_34,dev,night,089
089_38,dev,night,089
089_42,dev,night,089
089_46,dev,night,089
090_02,test,night,090
090_06,test,night,090
090_10,test,night,090
090_14,test,night,090
090_18,test,night,090
090_22,test,night,090
090_26,test,night,090
090_30,test,night,090
090_34,test,night,090
090_38,test,night,090
090_42,test,night,090
090_46,test,night,090
091_02,train,night,091
091_06,train,night,091
091_10,train,night,091
091_14,train,night,091
091_18,train,night,091
091_22,train,night,091
091_26,train,night,091
091_30,train,night,091
091_34,train,night,091
091_38,train,night,091
091_42,train,night,091
091_46,train,night,091
092_02,train,night,092
092_06,train,night,092
092_10,train,night,092
092_14,train,night,092
092_18,train,night,092
092_22,train,night,092
092_26,train,night,092
092_30,train,night,092
092_34,train,night,092
092_38,train,night,092
092_42,train,night,092
092_46,train,night,092
093_02,train,night,093
093_06,train,night,093
093_10,train,night,093
093_14,train,night,093
093_18,train,night,093
093_22,train,night,093
093_26,train,night,093
093_30,train,night,093
093_34,train,night,093
093_38,train,night,093
093_42,train,night,093
093_46,train,night,093
094_02,dev,night,094
094_06,dev,night,094
094_10,dev,night,094
094_14,dev,night,094
094_18,dev,night,094
094_22,dev,night,094
094_26,dev,night,094
094_30,dev,night,094
094_34,dev,night,094
094_38,dev,night,094
094_42,dev,night,094
094_46,dev,night,094
095_02,test,night,095
095_06,test,night,095
095_10,test,night,095
095_14,test,night,095
095_18,test,night,095
095_22,test,night,095
095_26,test,night,095
095_30,test,night,095
095_34,test,night,095
095_38,test,night,095
095_42,test,night,095
095_46,test,night,095
096_02,train,night,096
096_06,train,night,096
096_10,train,night,096
096_14,train,night,096
096_18,train,night,096
096_22,train,night,096
096_26,train,night,096
096_30,train,night,096
096_34,train,night,096
096_38,train,night,096
096_42,train,night,096
096_46,train,night,096
097_02,train,night,097
097_06,train,night,097
097_10,train,night,097
097_14,train,night,097
097_18,train,night,097
097_22,train,night,097
097_26,train,night,097
097_30,train,night,097
097_34,train,night,097
097_38,train,night,097
097_42,train,night,097
097_46,train,night,097
098_02,train,night,098
098_06,train,night,098
098_10,train,night,098
098_14,train,night,098
098_18,train,night,098
098_22,train,night,098
098_26,train,night,098
098_30,train,night,098
098_34,train,night,098
098_38,train,night,098
098_42,train,night,098
098_46,train,night,098
099_02,dev,night,099
099_06,dev,night,099
099_10,dev,night,099
099_14,dev,night,099
099_18,dev,night,099
099_22,dev,night,099
099_26,dev,night,099
099_30,dev,night,099
099_34,dev,night,099
099_38,dev,night,099
099_42,dev,night,099
099_46,dev,night,099
100_02,train,day,100
100_06,train,day,100
100_10,train,day,100
100_14,train,day,100
100_18,train,day,100
100_22,train,day,100
100_26,train,day,100
100_30,train,day,100
100_34,train,day,100
100_38,train,day,100
100_42,train,day,100
100_46,train,day,100
101_02,train,day,101
101_06,train,day,101
101_10,train,day,101
101_14,train,day,101
101_18,train,day,101
101_22,train,day,101
101_26,train,day,101
101_30,train,day,101
101_34,train,day,101
101_38,train,day,101
101_42,train,day,101
101_46,train,day,101
102_02,train,day,102
102_06,train,day,102
102_10,train,day,102
102_14,train,day,102
102_18,train,day,102
102_22,train,day,102
102_26,train,day,102
102_30,train,day,102
102_34,train,day,102
102_38,train,day,102
102_42,train,day,102
102_46,train,day,102
103_02,dev,day,103
103_06,dev,day,103
103_10,dev,day,103
103_14,dev,day,103
103_18,dev,day,103
103_22,dev,day,103
103_26,dev,day,103
103_30,dev,day,103
103_34,dev,day,103
103_38,dev,day,103
103_42,dev,day,103
103_46,dev,day,103
104_02,test,day,104
104_06,test,day,104
104_10,test,day,104
104_14,test,day,104
104_18,test,day,104
104_22,test,day,104
104_26,test,day,104
104_30,test,day,104
104_34,test,day,104
104_38,test,day,104
104_42,test,day,104
104_46,test,day,104
105_02,train,day,105
105_06,train,day,105
105_10,train,day,105
105_14,train,day,105
105_18,train,day,105
105_22,train,day,105
105_26,train,day,105
105_30,train,day,105
105_34,train,day,105
105_38,train,day,105
105_42,train,day,105
105_46,train,day,105
106_02,train,day,106
106_06,train,day,106
106_10,train,day,106
106_14,train,day,106
106_18,train,day,106
106_22,train,day,106
106_26,train,day,106
106_30,train,day,106
106_34,train,day,106
106_38,train,day,106
106_42,train,day,106
106_46,train,day,106
107_02,train,day,107
107_06,train,day,107
107_10,train,day,107
107_14,train,day,107
107_18,train,day,107
107_22,train,day,107
107_26,train,day,107
107_30,train,day,107
107_34,train,day,107
107_38,train,day,107
107_42,train,day,107
107_46,train,day,107
108_02,dev,day,108
108_06,dev,day,108
108_10,dev,day,108
108_14,dev,day,108
108_18,dev,day,108
108_22,dev,day,108
108_26,dev,day,108
108_30,dev,day,108
108_34,dev,day,108
108_38,dev,day,108
108_42,dev,day,108
108_46,dev,day,108
109_02,test,day,109
109_06,test,day,109
109_10,test,day,109
109_14,test,day,109
109_18,test,day,109
109_22,test,day,109
109_26,test,day,109
109_30,test,day,109
109_34,test,day,109
109_38,test,day,109
109_42,test,day,109
109_46,test,day,109
110_02,train,day,110
110_06,train,day,110
110_10,train,day,110
110_14,train,day,110
110_18,train,day,110
110_22,train,day,110
110_26,train,day,110
110_30,train,day,110
110_34,train,day,110
110_38,train,day,110
110_42,train,day,110
110_46,train,day,110
111_02,train,day,111
111_06,train,day,111
111_10,train,day,111
111_14,train,day,111
111_18,train,day,111
111_22,train,day,111
111_26,train,day,111
111_30,train,day,111
111_34,train,day,111
111_38,train,day,111
111_42,train,day,111
111_46,train,day,111
112_02,train,day,112
112_06,train,day,112
112_10,train,day,112
112_14,train,day,112
112_18,train,day,112
112_22,train,day,112
112_26,train,day,112
112_30,train,day,112
112_34,train,day,112
112_38,train,day,112
112_42,train,day,112
112_46,train,day,112
113_02,dev,day,113
113_06,dev,day,113
113_10,dev,day,113
113_14,dev,day,113
113_18,dev,day,113
113_22,dev,day,113
113_26,dev,day,113
113_30,dev,day,113
113_34,dev,day,113
113_38,dev,day,113
113_42,dev,day,113
113_46,dev,day,113
114_02,test,day,114
114_06,test,day,114
114_10,test,day,114
114_14,test,day,114
114_18,test,day,114
114_22,test,day,114
114_26,test,day,114
114_30,test,day,114
114_34,test,day,114
114_38,test,day,114
114_42,test,day,114
114_46,test,day,114
115_02,train,day,115
115_06,train,day,115
115_10,train,day,115
115_14,train,day,115
115_18,train,day,115
115_22,train,day,115
115_26,train,day,115
115_30,train,day,115
115_34,train,day,115
115_38,train,day,115
115_42,train,day,115
115_46,train,day,115
116_02,train,day,116
116_06,train,day,116
116_10,train,day,116
116_14,train,day,116
116_18,train,day,116
116_22,train,day,116
116_26,train,day,116
116_30,train,day,116
116_34,train,day,116
116_38,train,day,116
116_42,train,day,116
116_46,train,day,116
117_02,train,day,117
117_06,train,day,117
117_10,train,day,117
117_14,train,day,117
117_18,train,day,117
117_22,train,day,117
117_26,train,day,117
117_30,train,day,117
117_34,train,day,117
117_38,train,day,117
117_42,train,day,117
117_46,train,day,117
118_02,dev,day,118
118_06,dev,day,118
118_10,dev,day,118
118_14,dev,day,118
118_18,dev,day,118
118_22,dev,day,118
118_26,dev,day,118
118_30,dev,day,118
118_34,dev,day,118
118_38,dev,day,118
118_42,dev,day,118
118_46,dev,day,118
119_02,test,day,119
119_06,test,day,119
119_10,test,day,119
119_14,test,day,119
119_18,test,day,119
119_22,test,day,119
119_26,test,day,119
119_30,test,day,119
119_34,test,day,119
119_38,test,day,119
119_42,test,day,119
119_46,test,day,119
120_02,train,day,120
120_06,train,day,120
120_10,train,day,120
120_14,train,day,120
120_18,train,day,120
120_22,train,day,120
120_26,train,day,120
120_30,train,day,120
120_34,train,day,120
120_38,train,day,120
120_42,train,day,120
120_46,train,day,120
121_02,train,day,121
121_06,train,day,121
121_10,train,day,121
121_14,train,day,121
121_18,train,day,121
121_22,train,day,121
121_26,train,day,121
121_30,train,day,121
121_34,train,day,121
121_38,train,day,121
121_42,train,day,121
121_46,train,day,121
122_02,train,day,122
122_06,train,day,122
122_10,train,day,122
122_14,train,day,122
122_18,train,day,122
122_22,train,day,122
122_26,train,day,122
122_30,train,day,122
122_34,train,day,122
122_38,train,day,122
122_42,train,day,122
122_46,train,day,122
123_02,dev,day,123
123_06,dev,day,123
123_10,dev,day,123
123_14,dev,day,123
123_18,dev,day,123
123_22,dev,day,123
123_26,dev,day,123
123_30,dev,day,123
123_34,dev,day,123
123_38,dev,day,123
123_42,dev,day,123
123_46,dev,day,123
124_02,test,day,124
124_06,test,day,124
124_10,test,day,124
124_14,test,day,124
124_18,test,day,124
124_22,test,day,124
124_26,test,day,124
124_30,test,day,124
124_34,test,day,124
124_38,test,day,124
124_42,test,day,124
124_46,test,day,124
125_02,train,day,125
125_06,train,day,125
125_10,train,day,125
125_14,train,day,125
125_18,train,day,125
125_22,train,day,125
125_26,train,day,125
125_30,train,day,125
125_34,train,day,125
125_38,train,day,125
125_42,train,day,125
125_46,train,day,125
126_02,train,day,126
126_06,train,day,126
126_10,train,day,126
126_14,train,day,126
126_18,train,day,126
126_22,train,day,126
126_26,train,day,126
126_30,train,day,126
126_34,train,day,126
126_38,train,day,126
126_42,train,day,126
126_46,train,day,126
127_02,train,day,127
127_06,train,day,127
127_10,train,day,127
127_14,train,day,127
127_18,train,day,127
127_22,train,day,127
127_26,train,day,127
127_30,train,day,127
127_34,train,day,127
127_38,train,day,127
127_42,train,day,127
127_46,train,day,127
128_02,dev,day,128
128_06,dev,day,128
128_10,dev,day,128
128_14,dev,day,128
128_18,dev,day,128
128_22,dev,day,128
128_26,dev,day,128
128_30,dev,day,128
128_34,dev,day,128
128_38,dev,day,128
128_42,dev,day,128
128_46,dev,day,128
129_02,test,day,129
129_06,test,day,129
129_10,test,day,129
129_14,test,day,129
129_18,test,day,129
129_22,test,day,129
129_26,test,day,129
129_30,test,day,129
129_34,test,day,129
129_38,test,day,129
129_42,test,day,129
129_46,test,day,129
130_02,train,day,130
130_06,train,day,130
130_10,train,day,130
130_14,train,day,130
130_18,train,day,130
130_22,train,day,130
130_26,train,day,130
130_30,train,day,130
130_34,train,day,130
130_38,train,day,130
130_42,train,day,130
130_46,train,day,130
131_02,train,day,131
131_06,train,day,131
131_10,train,day,131
131_14,train,day,131
131_18,train,day,131
131_22,train,day,131
131_26,train,day,131
131_30,train,day,131
131_34,train,day,131
131_38,train,day,131
131_42,train,day,131
131_46,train,day,131
132_02,train,day,132
132_06,train,day,132
132_10,train,day,132
132_14,train,day,132
132_18,train,day,132
132_22,train,day,132
132_26,train,day,132
132_30,train,day,132
132_34,train,day,132
132_38,train,day,132
132_42,train,day,132
132_46,train,day,132
133_02,dev,day,133
133_06,dev,day,133
133_10,dev,day,133
133_14,dev,day,133
133_18,dev,day,133
133_22,dev,day,133
133_26,dev,day,133
133_30,dev,day,133
133_34,dev,day,133
133_38,dev,day,133
133_42,dev,day,133
133_46,dev,day,133
134_02,test,day,134
134_06,test,day,134
134_10,test,day,134
134_14,test,day,134
134_18,test,day,134
134_22,test,day,134
134_26,test,day,134
134_30,test,day,134
134_34,test,day,134
134_38,test,day,134
134_42,test,day,134
134_46,test,day,134
135_02,train,day,135
135_06,train,day,135
135_10,train,day,135
135_14,train,day,135
135_18,train,day,135
135_22,train,day,135
135_26,train,day,135
135_30,train,day,135
135_34,train,day,135
135_38,train,day,135
135_42,train,day,135
135_46,train,day,135
136_02,train,day,136
136_06,train,day,136
136_10,train,day,136
136_14,train,day,136
136_18,train,day,136
136_22,train,day,136
136_26,train,day,136
136_30,train,day,136
136_34,train,day,136
136_38,train,day,136
136_42,train,day,136
136_46,train,day,136
137_02,train,day,137
137_06,train,day,137
137_10,train,day,137
137_14,train,day,137
137_18,train,day,137
137_22,train,day,137
137_26,train,day,137
137_30,train,day,137
137_34,train,day,137
137_38,train,day,137
137_42,train,day,137
137_46,train,day,137
138_02,dev,day,138
138_06,dev,day,138
138_10,dev,day,138
138_14,dev,day,138
138_18,dev,day,138
138_22,dev,day,138
138_26,dev,day,138
138_30,dev,day,138
138_34,dev,day,138
138_38,dev,day,138
138_42,dev,day,138
138_46,dev,day,138
139_02,test,day,139
139_06,test,day,139
139_10,test,day,139
139_14,test,day,139
139_18,test,day,139
139_22,test,day,139
139_26,test,day,139
139_30,test,day,139
139_34,test,day,139
139_38,test,day,139
139_42,test,day,139
139_46,test,day,139
140_02,train,day,140
140_06,train,day,140
140_10,train,day,140
140_14,train,day,140
140_18,train,day,140
140_22,train,day,140
140_26,train,day,140
140_30,train,day,140
140_34,train,day,140
140_38,train,day,140
140_42,train,day,140
140_46,train,day,140
141_02,train,day,141
141_06,train,day,141
141_10,train,day,141
141_14,train,day,141
141_18,train,day,141
141_22,train,day,141
141_26,train,day,141
141_30,train,day,141
141_34,train,day,141
141_38,train,day,141
141_42,train,day,141
141_46,train,day,141
142_02,train,day,142
142_06,train,day,142
142_10,train,day,142
142_14,train,day,142
142_18,train,day,142
142_22,train,day,142
142_26,train,day,142
142_30,train,day,142
142_34,train,day,142
142_38,train,day,142
142_42,train,day,142
142_46,train,day,142
143_02,dev,day,143
143_06,dev,day,143
143_10,dev,day,143
143_14,dev,day,143
143_18,dev,day,143
143_22,dev,day,143
143_26,dev,day,143
143_30,dev,day,143
143_34,dev,day,143
143_38,dev,day,143
143_42,dev,day,143
143_46,dev,day,143
144_02,test,day,144
144_06,test,day,144
144_10,test,day,144
144_14,test,day,144
144_18,test,day,144
144_22,test,day,144
144_26,test,day,144
144_30,test,day,144
144_34,test,day,144
144_38,test,day,144
144_42,test,day,144
144_46,test,day,144
145_02,train,day,145
145_06,train,day,145
145_10,train,day,145
145_14,train,day,145
145_18,train,day,145
145_22,train,day,145
145_26,train,day,145
145_30,train,day,145
145_34,train,day,145
145_38,train,day,145
145_42,train,day,145
145_46,train,day,145
146_02,train,day,146
146_06,train,day,146
146_10,train,day,146
146_14,train,day,146
146_18,train,day,146
146_22,train,day,146
146_26,train,day,146
146_30,train,day,146
146_34,train,day,146
146_38,train,day,146
146_42,train,day,146
146_46,train,day,146
147_02,train,day,147
147_06,train,day,147
147_10,train,day,147
147_14,train,day,147
147_18,train,day,147
147_22,train,day,147
147_26,train,day,147
147_30,train,day,147
147_34,train,day,147
147_38,train,day,147
147_42,train,day,147
147_46,train,day,147
148_02,dev,day,148
148_06,dev,day,148
148_10,dev,day,148
148_14,dev,day,148
148_18,dev,day,148
148_22,dev,day,148
148_26,dev,day,148
148_30,dev,day,148
148_34,dev,day,148
148_38,dev,day,148
148_42,dev,day,148
148_46,dev,day,148
149_02,test,day,149
149_06,test,day,149
149_10,test,day,149
149_14,test,day,149
149_18,test,day,149
149_22,test,day,149
149_26,test,day,149
149_30,test,day,149
149_34,test,day,149
149_38,test,day,149
149_42,test,day,149
149_46,test,day,149
150_02,train,day,150
150_06,train,day,150
150_10,train,day,150
150_14,train,day,150
150_18,train,day,150
150_22,train,day,150
150_26,train,day,150
150_30,train,day,150
150_34,train,day,150
150_38,train,day,150
150_42,train,day,150
150_46,train,day,150
151_02,train,day,151
151_06,train,day,151
151_10,train,day,151
151_14,train,day,151
151_18,train,day,151
151_22,train,day,151
151_26,train,day,151
151_30,train,day,151
151_34,train,day,151
151_38,train,day,151
151_42,train,day,151
151_46,train,day,151
152_02,train,day,152
152_06,train,day,152
152_10,train,day,152
152_14,train,day,152
152_18,train,day,152
152_22,train,day,152
152_26,train,day,152
152_30,train,day,152
152_34,train,day,152
152_38,train,day,152
152_42,train,day,152
152_46,train,day,152
153_02,dev,day,153
153_06,dev,day,153
153_10,dev,day,153
153_14,dev,day,153
153_18,dev,day,153
153_22,dev,day,153
153_26,dev,day,153
153_30,dev,day,153
153_34,dev,day,153
153_38,dev,day,153
153_42,dev,day,153
153_46,dev,day,153
154_02,test,day,154
154_06,test,day,154
154_10,test,day,154
154_14,test,day,154
154_18,test,day,154
154_22,test,day,154
154_26,test,day,154
154_30,test,day,154
154_34,test,day,154
154_38,test,day,154
154_42,test,day,154
154_46,test,day,154
155_02,train,day,155
155_06,train,day,155
155_10,train,day,155
155_14,train,day,155
155_18,train,day,155
155_22,train,day,155
155_26,train,day,155
155_30,train,day,155
155_34,train,day,155
155_38,train,day,155
155_42,train,day,155
155_46,train,day,155
156_02,train,day,156
156_06,train,day,156
156_10,train,day,156
156_14,train,day,156
156_18,train,day,156
156_22,train,day,156
156_26,train,day,156
156_30,train,day,156
156_34,train,day,156
156_38,train,day,156
156_42,train,day,156
156_46,train,day,156
157_02,train,day,157
157_06,train,day,157
157_10,train,day,157
157_14,train,day,157
157_18,train,day,157
157_22,train,day,157
157_26,train,day,157
157_30,train,day,157
157_34,train,day,157
157_38,train,day,157
157_42,train,day,157
157_46,train,day,157
158_02,dev,day,158
158_06,dev,day,158
158_10,dev,day,158
158_14,dev,day,158
158_18,dev,day,158
158_22,dev,day,158
158_26,dev,day,158
158_30,dev,day,158
158_34,dev,day,158
158_38,dev,day,158
158_42,dev,day,158
158_46,dev,day,158
159_02,test,day,159
159_06,test,day,159
159_10,test,day,159
159_14,test,day,159
159_18,test,day,159
159_22,test,day,159
159_26,test,day,159
159_30,test,day,159
159_34,test,day,159
159_38,test,day,159
159_42,test,day,159
159_46,test,day,159
160_02,train,day,160
160_06,train,day,160
160_10,train,day,160
160_14,train,day,160
160_18,train,day,160
160_22,train,day,160
160_26,train,day,160
160_30,train,day,160
160_34,train,day,160
160_38,train,day,160
160_42,train,day,160
160_46,train,day,160
161_02,train,day,161
161_06,train,day,161
161_10,train,day,161
161_14,train,day,161
161_18,train,day,161
161_22,train,day,161
161_26,train,day,161
161_30,train,day,161
161_34,train,day,161
161_38,train,day,161
161_42,train,day,161
161_46,train,day,161
162_02,train,day,162
162_06,train,day,162
162_10,train,day,162
162_14,train,day,162
162_18,train,day,162
162_22,train,day,162
162_26,train,day,162
162_30,train,day,162
162_34,train,day,162
162_38,train,day,162
162_42,train,day,162
162_46,train,day,162
163_02,dev,day,163
163_06,dev,day,163
163_10,dev,day,163
163_14,dev,day,163
163_18,dev,day,163
163_22,dev,day,163
163_26,dev,day,163
163_30,dev,day,163
163_34,dev,day,163
163_38,dev,day,163
163_42,dev,day,163
163_46,dev,day,163
164_02,test,day,164
164_06,test,day,164
164_10,test,day,164
164_14,test,day,164
164_18,test,day,164
164_22,test,day,164
164_26,test,day,164
164_30,test,day,164
164_34,test,day,164
164_38,test,day,164
164_42,test,day,164
164_46,test,day,164
165_02,train,day,165
165_06,train,day,165
165_10,train,day,165
165_14,train,day,165
165_18,train,day,165
165_22,train,day,165
165_26,train,day,165
165_30,train,day,165
165_34,train,day,165
165_38,train,day,165
165_42,train,day,165
165_46,train,day,165
166_02,train,day,166
166_06,train,day,166
166_10,train,day,166
166_14,train,day,166
166_18,train,day,166
166_22,train,day,166
166_26,train,day,166
166_30,train,day,166
166_34,train,day,166
166_38,train,day,166
166_42,train,day,166
166_46,train,day,166
167_02,train,day,167
167_06,train,day,167
167_10,train,day,167
167_14,train,day,167
167_18,train,day,167
167_22,train,day,167
167_26,train,day,167
167_30,train,day,167
167_34,train,day,167
167_38,train,day,167
167_42,train,day,167
167_46,train,day,167
168_02,dev,day,168
168_06,dev,day,168
168_10,dev,day,168
168_14,dev,day,168
168_18,dev,day,168
168_22,dev,day,168
168_26,dev,day,168
168_30,dev,day,168
168_34,dev,day,168
168_38,dev,day,168
168_42,dev,day,168
168_46,dev,day,168
169_02,test,night,169
169_06,test,night,169
169_10,test,night,169
169_14,test,night,169
169_18,test,night,169
169_22,test,night,169
169_26,test,night,169
169_30,test,night,169
169_34,test,night,169
169_38,test,night,169
169_42,test,night,169
169_46,test,night,169
170_02,train,night,170
170_06,train,night,170
170_10,train,night,170
170_14,train,night,170
170_18,train,night,170
170_22,train,night,170
170_26,train,night,170
170_30,train,night,170
170_34,train,night,170
170_38,train,night,170
170_42,train,night,170
170_46,train,night,170
171_02,train,night,171
171_06,train,night,171
171_10,train,night,171
171_14,train,night,171
171_18,train,night,171
171_22,train,night,171
171_26,train,night,171
171_30,train,night,171
171_34,train,night,171
171_38,train,night,171
171_42,train,night,171
171_46,train,night,171
172_02,train,night,172
172_06,train,night,172
172_10,train,night,172
172_14,train,night,172
172_18,train,night,172
172_22,train,night,172
172_26,train,night,172
172_30,train,night,172
172_34,train,night,172
172_38,train,night,172
172_42,train,night,172
172_46,train,night,172
173_02,dev,night,173
173_06,dev,night,173
173_10,dev,night,173
173_14,dev,night,173
173_18,dev,night,173
173_22,dev,night,173
173_26,dev,night,173
173_30,dev,night,173
173_34,dev,night,173
173_38,dev,night,173
173_42,dev,night,173
173_46,dev,night,173
174_02,test,night,174
174_06,test,night,174
174_10,test,night,174
174_14,test,night,174
174_18,test,night,174
174_22,test,night,174
174_26,test,night,174
174_30,test,night,174
174_34,test,night,174
174_38,test,night,174
174_42,test,night,174
174_46,test,night,174
175_02,train,night,175
175_06,train,night,175
175_10,train,night,175
175_14,train,night,175
175_18,train,night,175
175_22,train,night,175
175_26,train,night,175
175_30,train,night,175
175_34,train,night,175
175_38,train,night,175
175_42,train,night,175
175_46,train,night,175
176_02,train,night,176
176_06,train,night,176
176_10,train,night,176
176_14,train,night,176
176_18,train,night,176
176_22,train,night,176
176_26,train,night,176
176_30,train,night,176
176_34,train,night,176
176_38,train,night,176
176_42,train,night,176
176_46,train,night,176
177_02,train,night,177
177_06,train,night,177
177_10,train,night,177
177_14,train,night,177
177_18,train,night,177
177_22,train,night,177
177_26,train,night,177
177_30,train,night,177
177_34,train,night,177
177_38,train,night,177
177_42,train,night,177
177_46,train,night,177
178_02,dev,night,178
178_06,dev,night,178
178_10,dev,night,178
178_14,dev,night,178
178_18,dev,night,178
178_22,dev,night,178
178_26,dev,night,178
178_30,dev,night,178
178_34,dev,night,178
178_38,dev,night,178
178_42,dev,night,178
178_46,dev,night,178
179_02,test,night,179
179_06,test,night,179
179_10,test,night,179
179_14,test,night,179
179_18,test,night,179
179_22,test,night,179
179_26,test,night,179
179_30,test,night,179
179_34,test,night,179
179_38,test,night,179
179_42,test,night,179
179_46,test,night,179
180_02,train,night,180
180_06,train,night,180
180_10,train,night,180
180_14,train,night,180
180_18,train,night,180
180_22,train,night,180
180_26,train,night,180
180_30,train,night,180
180_34,train,night,180
180_38,train,night,180
180_42,train,night,180
180_46,train,night,180
181_02,train,night,181
181_06,train,night,181
181_10,train,night,181
181_14,train,night,181
181_18,train,night,181
181_22,train,night,181
181_26,train,night,181
181_30,train,night,181
181_34,train,night,181
181_38,train,night,181
181_42,train,night,181
181_46,train,night,181
182_02,train,night,182
182_06,train,night,182
182_10,train,night,182
182_14,train,night,182
182_18,train,night,182
182_22,train,night,182
182_26,train,night,182
182_30,train,night,182
182_34,train,night,182
182_38,train,night,182
182_42,train,night,182
182_46,train,night,182
183_02,dev,night,183
183_06,dev,night,183
183_10,dev,night,183
183_14,dev,night,183
183_18,dev,night,183
183_22,dev,night,183
183_26,dev,night,183
183_30,dev,night,183
183_34,dev,night,183
183_38,dev,night,183
183_42,dev,night,183
183_46,dev,night,183
184_02,test,night,184
184_06,test,night,184
184_10,test,night,184
184_14,test,night,184
184_18,test,night,184
184_22,test,night,184
184_26,test,night,184
184_30,test,night,184
184_34,test,night,184
184_38,test,night,184
184_42,test,night,184
184_46,test,night,184
185_02,train,night,185
185_06,train,night,185
185_10,train,night,185
185_14,train,night,185
185_18,train,night,185
185_22,train,night,185
185_26,train,night,185
185_30,train,night,185
185_34,train,night,185
185_38,train,night,185
185_42,train,night,185
185_46,train,night,185
186_02,train,night,186
186_06,train,night,186
186_10,train,night,186
186_14,train,night,186
186_18,train,night,186
186_22,train,night,186
186_26,train,night,186
186_30,train,night,186
186_34,train,night,186
186_38,train,night,186
186_42,train,night,186
186_46,train,night,186
187_02,train,night,187
187_06,train,night,187
187_10,train,night,187
187_14,train,night,187
187_18,train,night,187
187_22,train,night,187
187_26,train,night,187
187_30,train,night,187
187_34,train,night,187
187_38,train,night,187
187_42,train,night,187
187_46,train,night,187
188_02,dev,night,188
188_06,dev,night,188
188_10,dev,night,188
188_14,dev,night,188
188_18,dev,night,188
188_22,dev,night,188
188_26,dev,night,188
188_30,dev,night,188
188_34,dev,night,188
188_38,dev,night,188
188_42,dev,night,188
188_46,dev,night,188
189_02,test,night,189
189_06,test,night,189
189_10,test,night,189
189_14,test,night,189
189_18,test,night,189
189_22,test,night,189
189_26,test,night,189
189_30,test,night,189
189_34,test,night,189
189_38,test,night,189
189_42,test,night,189
189_46,test,night,189
190_02,train,night,190
190_06,train,night,190
190_10,train,night,190
190_14,train,night,190
190_18,train,night,190
190_22,train,night,190
190_26,train,night,190
190_30,train,night,190
190_34,train,night,190
190_38,train,night,190
190_42,train,night,190
190_46,train,night,190
191_02,train,night,191
191_06,train,night,191
191_10,train,night,191
191_14,train,night,191
191_18,train,night,191
191_22,train,night,191
191_26,train,night,191
191_30,train,night,191
191_34,train,night,191
191_38,train,night,191
191_42,train,night,191
191_46,train,night,191
192_02,train,night,192
192_06,train,night,192
192_10,train,night,192
192_14,train,night,192
192_18,train,night,192
192_22,train,night,192
192_26,train,night,192
192_30,train,night,192
192_34,train,night,192
192_38,train,night,192
192_42,train,night,192
192_46,train,night,192
193_02,dev,night,193
193_06,dev,night,193
193_10,dev,night,193
193_14,dev,night,193
193_18,dev,night,193
193_22,dev,night,193
193_26,dev,night,193
193_30,dev,night,193
193_34,dev,night,193
193_38,dev,night,193
193_42,dev,night,193
193_46,dev,night,193
194_02,test,night,194
194_06,test,night,194
194_10,test,night,194
194_14,test,night,194
194_18,test,night,194
194_22,test,night,194
194_26,test,night,194
194_30,test,night,194
194_34,test,night,194
194_38,test,night,194
194_42,test,night,194
194_46,test,night,194
195_02,train,night,195
195_06,train,night,195
195_10,train,night,195
195_14,train,night,195
195_18,train,night,195
195_22,train,night,195
195_26,train,night,195
195_30,train,night,195
195_34,train,night,195
195_38,train,night,195
195_42,train,night,195
195_46,train,night,195
196_02,train,night,196
196_06,train,night,196
196_10,train,night,196
196_14,train,night,196
196_18,train,night,196
196_22,train,night,196
196_26,train,night,196
196_30,train,night,196
196_34,train,night,196
196_38,train,night,196
196_42,train,night,196
196_46,train,night,196
197_02,train,night,197
197_06,train,night,197
197_10,train,night,197
197_14,train,night,197
197_18,train,night,197
197_22,train,night,197
197_26,train,night,197
197_30,train,night,197
197_34,train,night,197
197_38,train,night,197
197_42,train,night,197
197_46,train,night,197
198_02,dev,night,198
198_06,dev,night,198
198_10,dev,night,198
198_14,dev,night,198
198_18,dev,night,198
198_22,dev,night,198
198_26,dev,night,198
198_30,dev,night,198
198_34,dev,night,198
198_38,dev,night,198
198_42,dev,night,198
198_46,dev,night,198
199_02,test,night,199
199_06,test,night,199
199_10,test,night,199
199_14,test,night,199
199_18,test,night,199
199_22,test,night,199
199_26,test,night,199
199_30,test,night,199
199_34,test,night,199
199_38,test,night,199
199_42,test,night,199
199_46,test,night,199
